system_name,id,staged_system_id,colour_name,sku,sku_suffix,image_url,is_stocked,parser_notes,extracted_at,sort_order,verification_status,reviewer_notes,created_at,updated_at
Haven,,,DuraXP,,,,,"{""source_pages"": ""6-7"", ""note"": ""face/finish option""}",,1,pending_review,,,
Haven,,,SPM,,,,,"{""source_pages"": ""6-7"", ""note"": ""face/finish option""}",,2,pending_review,,,
Haven,,,Tassie Oak,,,,,"{""source_pages"": ""6-7"", ""note"": ""face/finish option""}",,3,pending_review,,,
Haven,,,Merbau,,,,,"{""source_pages"": ""6-7"", ""note"": ""face/finish option""}",,4,pending_review,,,
Haven,,,Blackbutt,,,,,"{""source_pages"": ""6-7"", ""note"": ""face/finish option""}",,5,pending_review,,,
Haven,,,Clear,,,,,"{""source_pages"": ""6-7"", ""note"": ""glass option""}",,6,pending_review,,,
Haven,,,Cathedral,,,,,"{""source_pages"": ""6-7"", ""note"": ""glass option""}",,7,pending_review,,,
Haven,,,Grey Tint,,,,,"{""source_pages"": ""6-7"", ""note"": ""glass option""}",,8,pending_review,,,
Haven,,,Translucent,,,,,"{""source_pages"": ""6-7"", ""note"": ""glass option""}",,9,pending_review,,,
Haven,,,Narrow Lines,,,,,"{""source_pages"": ""6-7"", ""note"": ""glass option""}",,10,pending_review,,,
Savoy 1200,,,SPM,,,,,"{""source_pages"": ""8-9"", ""note"": ""face/finish option""}",,11,pending_review,,,
Savoy 1200,,,Tassie Oak,,,,,"{""source_pages"": ""8-9"", ""note"": ""face/finish option""}",,12,pending_review,,,
Savoy 1200,,,Merbau,,,,,"{""source_pages"": ""8-9"", ""note"": ""face/finish option""}",,13,pending_review,,,
Savoy 1200,,,Blackbutt,,,,,"{""source_pages"": ""8-9"", ""note"": ""face/finish option""}",,14,pending_review,,,
Savoy 1200,,,Clear,,,,,"{""source_pages"": ""8-9"", ""note"": ""glass option""}",,15,pending_review,,,
Savoy 1200,,,Cathedral,,,,,"{""source_pages"": ""8-9"", ""note"": ""glass option""}",,16,pending_review,,,
Savoy 1200,,,Grey Tint,,,,,"{""source_pages"": ""8-9"", ""note"": ""glass option""}",,17,pending_review,,,
Savoy 1200,,,Translucent,,,,,"{""source_pages"": ""8-9"", ""note"": ""glass option""}",,18,pending_review,,,
Savoy 1200,,,Low E,,,,,"{""source_pages"": ""8-9"", ""note"": ""glass option""}",,19,pending_review,,,
Savoy 1200,,,Rice Paper,,,,,"{""source_pages"": ""8-9"", ""note"": ""glass option""}",,20,pending_review,,,
Savoy 820,,,SPM,,,,,"{""source_pages"": ""10-11"", ""note"": ""face/finish option""}",,21,pending_review,,,
Savoy 820,,,Tassie Oak,,,,,"{""source_pages"": ""10-11"", ""note"": ""face/finish option""}",,22,pending_review,,,
Savoy 820,,,Merbau,,,,,"{""source_pages"": ""10-11"", ""note"": ""face/finish option""}",,23,pending_review,,,
Savoy 820,,,Blackbutt,,,,,"{""source_pages"": ""10-11"", ""note"": ""face/finish option""}",,24,pending_review,,,
Savoy 820,,,Clear,,,,,"{""source_pages"": ""10-11"", ""note"": ""glass option""}",,25,pending_review,,,
Savoy 820,,,Cathedral,,,,,"{""source_pages"": ""10-11"", ""note"": ""glass option""}",,26,pending_review,,,
Savoy 820,,,Grey Tint,,,,,"{""source_pages"": ""10-11"", ""note"": ""glass option""}",,27,pending_review,,,
Savoy 820,,,Translucent,,,,,"{""source_pages"": ""10-11"", ""note"": ""glass option""}",,28,pending_review,,,
Savoy 820,,,Low E,,,,,"{""source_pages"": ""10-11"", ""note"": ""glass option""}",,29,pending_review,,,
Savoy 820,,,Rice Paper,,,,,"{""source_pages"": ""10-11"", ""note"": ""glass option""}",,30,pending_review,,,
Linear Entrance,,,DuraXP,,,,,"{""source_pages"": ""12-13"", ""note"": ""face/finish option""}",,31,pending_review,,,
Linear Entrance,,,SPM,,,,,"{""source_pages"": ""12-13"", ""note"": ""face/finish option""}",,32,pending_review,,,
Linear Entrance,,,Tassie Oak,,,,,"{""source_pages"": ""12-13"", ""note"": ""face/finish option""}",,33,pending_review,,,
Linear Entrance,,,Clear,,,,,"{""source_pages"": ""12-13"", ""note"": ""glass option""}",,34,pending_review,,,
Linear Entrance,,,Cathedral,,,,,"{""source_pages"": ""12-13"", ""note"": ""glass option""}",,35,pending_review,,,
Linear Entrance,,,Grey Tint,,,,,"{""source_pages"": ""12-13"", ""note"": ""glass option""}",,36,pending_review,,,
Linear Entrance,,,Translucent,,,,,"{""source_pages"": ""12-13"", ""note"": ""glass option""}",,37,pending_review,,,
Joinery Entrance,,,SPM,,,,,"{""source_pages"": ""14-15"", ""note"": ""face/finish option""}",,38,pending_review,,,
Joinery Entrance,,,Tassie Oak,,,,,"{""source_pages"": ""14-15"", ""note"": ""face/finish option""}",,39,pending_review,,,
Joinery Entrance,,,Merbau,,,,,"{""source_pages"": ""14-15"", ""note"": ""face/finish option""}",,40,pending_review,,,
Joinery Entrance,,,Blackbutt,,,,,"{""source_pages"": ""14-15"", ""note"": ""face/finish option""}",,41,pending_review,,,
Joinery Entrance,,,Clear,,,,,"{""source_pages"": ""14-15"", ""note"": ""glass option""}",,42,pending_review,,,
Joinery Entrance,,,Translucent,,,,,"{""source_pages"": ""14-15"", ""note"": ""glass option""}",,43,pending_review,,,
Joinery Entrance,,,Clear Laminate,,,,,"{""source_pages"": ""14-15"", ""note"": ""glass option""}",,44,pending_review,,,
Joinery Entrance,,,Cathedral,,,,,"{""source_pages"": ""14-15"", ""note"": ""glass option""}",,45,pending_review,,,
Joinery Entrance,,,Double Glaze Clear,,,,,"{""source_pages"": ""14-15"", ""note"": ""glass option""}",,46,pending_review,,,
Joinery Entrance,,,Grey Tint,,,,,"{""source_pages"": ""14-15"", ""note"": ""glass option""}",,47,pending_review,,,
Joinery Entrance,,,Narrow Lines,,,,,"{""source_pages"": ""14-15"", ""note"": ""glass option""}",,48,pending_review,,,
Joinery Entrance,,,Double Glaze Frost,,,,,"{""source_pages"": ""14-15"", ""note"": ""glass option""}",,49,pending_review,,,
Joinery Entrance,,,Low E,,,,,"{""source_pages"": ""14-15"", ""note"": ""glass option""}",,50,pending_review,,,
Joinery Entrance,,,Rice Paper,,,,,"{""source_pages"": ""14-15"", ""note"": ""glass option""}",,51,pending_review,,,
Illusion,,,SPM,,,,,"{""source_pages"": ""16-17"", ""note"": ""face/finish option""}",,52,pending_review,,,
Illusion,,,Clear,,,,,"{""source_pages"": ""16-17"", ""note"": ""glass option""}",,53,pending_review,,,
Illusion,,,Grey Tint,,,,,"{""source_pages"": ""16-17"", ""note"": ""glass option""}",,54,pending_review,,,
Illusion,,,Frost,,,,,"{""source_pages"": ""16-17"", ""note"": ""glass option""}",,55,pending_review,,,
Illusion,,,Translucent,,,,,"{""source_pages"": ""16-17"", ""note"": ""glass option""}",,56,pending_review,,,
Vaucluse,,,DuraXP,,,,,"{""source_pages"": ""18-19"", ""note"": ""face/finish option""}",,57,pending_review,,,
Vaucluse,,,SPM,,,,,"{""source_pages"": ""18-19"", ""note"": ""face/finish option""}",,58,pending_review,,,
Newington,,,DuraXP,,,,,"{""source_pages"": ""20-21"", ""note"": ""face/finish option""}",,59,pending_review,,,
Newington,,,SPM,,,,,"{""source_pages"": ""20-21"", ""note"": ""face/finish option""}",,60,pending_review,,,
Newington,,,Tassie Oak,,,,,"{""source_pages"": ""20-21"", ""note"": ""face/finish option""}",,61,pending_review,,,
Newington,,,Merbau,,,,,"{""source_pages"": ""20-21"", ""note"": ""face/finish option""}",,62,pending_review,,,
Newington,,,Blackbutt,,,,,"{""source_pages"": ""20-21"", ""note"": ""face/finish option""}",,63,pending_review,,,
Newington,,,Clear,,,,,"{""source_pages"": ""20-21"", ""note"": ""glass option""}",,64,pending_review,,,
Newington,,,Cathedral,,,,,"{""source_pages"": ""20-21"", ""note"": ""glass option""}",,65,pending_review,,,
Newington,,,Grey Tint,,,,,"{""source_pages"": ""20-21"", ""note"": ""glass option""}",,66,pending_review,,,
Newington,,,Translucent,,,,,"{""source_pages"": ""20-21"", ""note"": ""glass option""}",,67,pending_review,,,
Newington,,,Low E,,,,,"{""source_pages"": ""20-21"", ""note"": ""glass option""}",,68,pending_review,,,
Newington,,,Rice Paper,,,,,"{""source_pages"": ""20-21"", ""note"": ""glass option""}",,69,pending_review,,,
Regency,,,DuraXP,,,,,"{""source_pages"": ""22-23"", ""note"": ""face/finish option""}",,70,pending_review,,,
Regency,,,SPM,,,,,"{""source_pages"": ""22-23"", ""note"": ""face/finish option""}",,71,pending_review,,,
Regency,,,Triple Glazed Leadlight,,,,,"{""source_pages"": ""22-23"", ""note"": ""glass option""}",,72,pending_review,,,
Regency,,,Bevel Flower,,,,,"{""source_pages"": ""22-23"", ""note"": ""glass option""}",,73,pending_review,,,
Regency,,,Classique,,,,,"{""source_pages"": ""22-23"", ""note"": ""glass option""}",,74,pending_review,,,
Regency,,,Cathedral,,,,,"{""source_pages"": ""22-23"", ""note"": ""glass option""}",,75,pending_review,,,
Regency,,,Translucent,,,,,"{""source_pages"": ""22-23"", ""note"": ""glass option""}",,76,pending_review,,,
Regency,,,Clear,,,,,"{""source_pages"": ""22-23"", ""note"": ""glass option""}",,77,pending_review,,,
Regency,,,Narrow Lines,,,,,"{""source_pages"": ""22-23"", ""note"": ""glass option""}",,78,pending_review,,,
Regency,,,Low E,,,,,"{""source_pages"": ""22-23"", ""note"": ""glass option""}",,79,pending_review,,,
Regency,,,Grey Tint,,,,,"{""source_pages"": ""22-23"", ""note"": ""glass option""}",,80,pending_review,,,
Nexus,,,DuraXP,,,,,"{""source_pages"": ""24-25"", ""note"": ""face/finish option""}",,81,pending_review,,,
Nexus,,,SPM,,,,,"{""source_pages"": ""24-25"", ""note"": ""face/finish option""}",,82,pending_review,,,
Nexus,,,Merbau,,,,,"{""source_pages"": ""24-25"", ""note"": ""face/finish option""}",,83,pending_review,,,
Nexus,,,Tassie Oak,,,,,"{""source_pages"": ""24-25"", ""note"": ""face/finish option""}",,84,pending_review,,,
Nexus,,,Blackbutt,,,,,"{""source_pages"": ""24-25"", ""note"": ""face/finish option""}",,85,pending_review,,,
Nexus,,,Clear,,,,,"{""source_pages"": ""24-25"", ""note"": ""glass option""}",,86,pending_review,,,
Nexus,,,Cathedral,,,,,"{""source_pages"": ""24-25"", ""note"": ""glass option""}",,87,pending_review,,,
Nexus,,,Grey Tint,,,,,"{""source_pages"": ""24-25"", ""note"": ""glass option""}",,88,pending_review,,,
Nexus,,,Translucent,,,,,"{""source_pages"": ""24-25"", ""note"": ""glass option""}",,89,pending_review,,,
Nexus,,,Rice Paper,,,,,"{""source_pages"": ""24-25"", ""note"": ""glass option""}",,90,pending_review,,,
Vaucluse Premier,,,DuraXP,,,,,"{""source_pages"": ""26-27"", ""note"": ""face/finish option""}",,91,pending_review,,,
Vaucluse Premier,,,SPM,,,,,"{""source_pages"": ""26-27"", ""note"": ""face/finish option""}",,92,pending_review,,,
Vaucluse Premier,,,Clear,,,,,"{""source_pages"": ""26-27"", ""note"": ""glass option""}",,93,pending_review,,,
Vaucluse Premier,,,Cathedral,,,,,"{""source_pages"": ""26-27"", ""note"": ""glass option""}",,94,pending_review,,,
Vaucluse Premier,,,Grey Tint,,,,,"{""source_pages"": ""26-27"", ""note"": ""glass option""}",,95,pending_review,,,
Vaucluse Premier,,,Translucent,,,,,"{""source_pages"": ""26-27"", ""note"": ""glass option""}",,96,pending_review,,,
Vaucluse Premier,,,Narrow Lines,,,,,"{""source_pages"": ""26-27"", ""note"": ""glass option""}",,97,pending_review,,,
Vaucluse Premier,,,Low E,,,,,"{""source_pages"": ""26-27"", ""note"": ""glass option""}",,98,pending_review,,,
Vaucluse Premier,,,Rice Paper,,,,,"{""source_pages"": ""26-27"", ""note"": ""glass option""}",,99,pending_review,,,
Carringbush,,,DuraXP,,,,,"{""source_pages"": ""28-29"", ""note"": ""face/finish option""}",,100,pending_review,,,
Carringbush,,,SPM,,,,,"{""source_pages"": ""28-29"", ""note"": ""face/finish option""}",,101,pending_review,,,
Carringbush,,,Triple Glaze Argyle Leadlight,,,,,"{""source_pages"": ""28-29"", ""note"": ""glass option""}",,102,pending_review,,,
Carringbush,,,Triple Glaze Crystal Blue Leadlight,,,,,"{""source_pages"": ""28-29"", ""note"": ""glass option""}",,103,pending_review,,,
Carringbush,,,Clear,,,,,"{""source_pages"": ""28-29"", ""note"": ""glass option""}",,104,pending_review,,,
Carringbush,,,Cathedral,,,,,"{""source_pages"": ""28-29"", ""note"": ""glass option""}",,105,pending_review,,,
Carringbush,,,Grey Tint,,,,,"{""source_pages"": ""28-29"", ""note"": ""glass option""}",,106,pending_review,,,
Carringbush,,,Translucent,,,,,"{""source_pages"": ""28-29"", ""note"": ""glass option""}",,107,pending_review,,,
Glass Opening Entrance,,,DuraXP,,,,,"{""source_pages"": ""30-31"", ""note"": ""face/finish option""}",,108,pending_review,,,
Glass Opening Entrance,,,SPM,,,,,"{""source_pages"": ""30-31"", ""note"": ""face/finish option""}",,109,pending_review,,,
Glass Opening Entrance,,,Paint Grade Ply,,,,,"{""source_pages"": ""30-31"", ""note"": ""face/finish option""}",,110,pending_review,,,
Glass Opening Entrance,,,Merbau,,,,,"{""source_pages"": ""30-31"", ""note"": ""face/finish option""}",,111,pending_review,,,
Glass Opening Entrance,,,Tassie Oak,,,,,"{""source_pages"": ""30-31"", ""note"": ""face/finish option""}",,112,pending_review,,,
Glass Opening Entrance,,,Clear,,,,,"{""source_pages"": ""30-31"", ""note"": ""glass option""}",,113,pending_review,,,
Glass Opening Entrance,,,Cathedral,,,,,"{""source_pages"": ""30-31"", ""note"": ""glass option""}",,114,pending_review,,,
Glass Opening Entrance,,,Grey Tint,,,,,"{""source_pages"": ""30-31"", ""note"": ""glass option""}",,115,pending_review,,,
Glass Opening Entrance,,,Translucent,,,,,"{""source_pages"": ""30-31"", ""note"": ""glass option""}",,116,pending_review,,,
Glass Opening Entrance,,,Low E,,,,,"{""source_pages"": ""30-31"", ""note"": ""glass option""}",,117,pending_review,,,
Glass Opening Entrance,,,Rice Paper,,,,,"{""source_pages"": ""30-31"", ""note"": ""glass option""}",,118,pending_review,,,
Elite Doors,,,Pearl White,,,,,"{""source_pages"": ""32-33"", ""note"": ""face/finish option""}",,119,pending_review,,,
Elite Doors,,,Anotec Natural Pearl,,,,,"{""source_pages"": ""32-33"", ""note"": ""face/finish option""}",,120,pending_review,,,
Elite Doors,,,Monument,,,,,"{""source_pages"": ""32-33"", ""note"": ""face/finish option""}",,121,pending_review,,,
Elite Doors,,,Matt Black,,,,,"{""source_pages"": ""32-33"", ""note"": ""face/finish option""}",,122,pending_review,,,
Elite Doors,,,Blackbutt,,,,,"{""source_pages"": ""32-33"", ""note"": ""face/finish option""}",,123,pending_review,,,
Elite Doors,,,Maple,,,,,"{""source_pages"": ""32-33"", ""note"": ""face/finish option""}",,124,pending_review,,,
Elite Doors,,,Merbau,,,,,"{""source_pages"": ""32-33"", ""note"": ""face/finish option""}",,125,pending_review,,,
Elite Doors,,,Clear Anodized,,,,,"{""source_pages"": ""32-33"", ""note"": ""face/finish option""}",,126,pending_review,,,
Elite Doors,,,Translucent,,,,,"{""source_pages"": ""32-33"", ""note"": ""glass option""}",,127,pending_review,,,
Elite Doors,,,Clear,,,,,"{""source_pages"": ""32-33"", ""note"": ""glass option""}",,128,pending_review,,,
Elite Aluminium Frames,,,Pearl White,,,,,"{""source_pages"": ""34-36"", ""note"": ""face/finish option""}",,129,pending_review,,,
Elite Aluminium Frames,,,Anotec Natural Pearl,,,,,"{""source_pages"": ""34-36"", ""note"": ""face/finish option""}",,130,pending_review,,,
Elite Aluminium Frames,,,Monument,,,,,"{""source_pages"": ""34-36"", ""note"": ""face/finish option""}",,131,pending_review,,,
Elite Aluminium Frames,,,Matt Black,,,,,"{""source_pages"": ""34-36"", ""note"": ""face/finish option""}",,132,pending_review,,,
Elite Aluminium Frames,,,Blackbutt,,,,,"{""source_pages"": ""34-36"", ""note"": ""face/finish option""}",,133,pending_review,,,
Elite Aluminium Frames,,,Maple,,,,,"{""source_pages"": ""34-36"", ""note"": ""face/finish option""}",,134,pending_review,,,
Elite Aluminium Frames,,,Merbau,,,,,"{""source_pages"": ""34-36"", ""note"": ""face/finish option""}",,135,pending_review,,,
Elite Aluminium Frames,,,Clear Anodized,,,,,"{""source_pages"": ""34-36"", ""note"": ""face/finish option""}",,136,pending_review,,,
Elite Timber Frames,,,Primed H3 Treated Pine,,,,,"{""source_pages"": ""35"", ""note"": ""face/finish option""}",,137,pending_review,,,
Elite Timber Frames,,,Meranti,,,,,"{""source_pages"": ""35"", ""note"": ""face/finish option""}",,138,pending_review,,,
Elite Timber Frames,,,Merbau,,,,,"{""source_pages"": ""35"", ""note"": ""face/finish option""}",,139,pending_review,,,
Pivot Frames,,,Meranti,,,,,"{""source_pages"": ""37"", ""note"": ""face/finish option""}",,140,pending_review,,,
Pivot Frames,,,Merbau,,,,,"{""source_pages"": ""37"", ""note"": ""face/finish option""}",,141,pending_review,,,
Standard Frames,,,Primed H3 Treated Pine,,,,,"{""source_pages"": ""38"", ""note"": ""face/finish option""}",,142,pending_review,,,
Standard Frames,,,Meranti,,,,,"{""source_pages"": ""38"", ""note"": ""face/finish option""}",,143,pending_review,,,
Standard Frames,,,Merbau,,,,,"{""source_pages"": ""38"", ""note"": ""face/finish option""}",,144,pending_review,,,
Weatherguard Frames,,,Primed H3 Treated Pine,,,,,"{""source_pages"": ""39"", ""note"": ""face/finish option""}",,145,pending_review,,,
Weatherguard Frames,,,Meranti,,,,,"{""source_pages"": ""39"", ""note"": ""face/finish option""}",,146,pending_review,,,
Weatherguard Frames,,,Merbau,,,,,"{""source_pages"": ""39"", ""note"": ""face/finish option""}",,147,pending_review,,,
Weatherguard Frames,,,Anotec Silver,,,,,"{""source_pages"": ""39"", ""note"": ""face/finish option""}",,148,pending_review,,,
Weatherguard Frames,,,Matt Black,,,,,"{""source_pages"": ""39"", ""note"": ""face/finish option""}",,149,pending_review,,,
BAL19 & 29 Doors,,,DuraXP,,,,,"{""source_pages"": ""41"", ""note"": ""face/finish option""}",,150,pending_review,,,
BAL19 & 29 Doors,,,SPM,,,,,"{""source_pages"": ""41"", ""note"": ""face/finish option""}",,151,pending_review,,,
BAL19 & 29 Doors,,,Merbau,,,,,"{""source_pages"": ""41"", ""note"": ""face/finish option""}",,152,pending_review,,,
BAL19 & 29 Doors,,,Clear (6mm),,,,,"{""source_pages"": ""41"", ""note"": ""glass option""}",,153,pending_review,,,
BAL19 & 29 Doors,,,Grey Tint (6mm),,,,,"{""source_pages"": ""41"", ""note"": ""glass option""}",,154,pending_review,,,
BAL19 & 29 Doors,,,Frost (6mm),,,,,"{""source_pages"": ""41"", ""note"": ""glass option""}",,155,pending_review,,,
BAL40 Doors,,,DuraXP,,,,,"{""source_pages"": ""42"", ""note"": ""face/finish option""}",,156,pending_review,,,
BAL40 Doors,,,SPM,,,,,"{""source_pages"": ""42"", ""note"": ""face/finish option""}",,157,pending_review,,,
BAL40 Doors,,,Merbau,,,,,"{""source_pages"": ""42"", ""note"": ""face/finish option""}",,158,pending_review,,,
BAL40 Doors,,,Clear (6mm),,,,,"{""source_pages"": ""42"", ""note"": ""glass option""}",,159,pending_review,,,
BAL40 Doors,,,Grey Tint (6mm),,,,,"{""source_pages"": ""42"", ""note"": ""glass option""}",,160,pending_review,,,
BAL40 Doors,,,Frost (6mm),,,,,"{""source_pages"": ""42"", ""note"": ""glass option""}",,161,pending_review,,,
BAL19 & 29 Merbau Weatherguard Frames,,,Merbau,,,,,"{""source_pages"": ""43"", ""note"": ""face/finish option""}",,162,pending_review,,,
BAL40 Merbau Weatherguard Frame,,,Merbau,,,,,"{""source_pages"": ""44"", ""note"": ""face/finish option""}",,163,pending_review,,,
Frontier Track System,,,Powder coated track,,,,,"{""source_pages"": ""45"", ""note"": ""face/finish option""}",,164,pending_review,,,
Frontier Standard Barn Doors,,,PCMDF,,,,,"{""source_pages"": ""46"", ""note"": ""face/finish option""}",,165,pending_review,,,
Frontier Standard Barn Doors,,,SPM,,,,,"{""source_pages"": ""46"", ""note"": ""face/finish option""}",,166,pending_review,,,
Frontier Ultimate Barn Doors,,,PCMDF,,,,,"{""source_pages"": ""47"", ""note"": ""face/finish option""}",,167,pending_review,,,
Luxe,,,Primed MDF,,,,,"{""source_pages"": ""48-49"", ""note"": ""face/finish option""}",,168,pending_review,,,
Luxe,,,Flat Panel,,,,,"{""source_pages"": ""48-49"", ""note"": ""face/finish option""}",,169,pending_review,,,
Luxe,,,Routed Batten,,,,,"{""source_pages"": ""48-49"", ""note"": ""face/finish option""}",,170,pending_review,,,
Luxe,,,Clear,,,,,"{""source_pages"": ""48-49"", ""note"": ""glass option""}",,171,pending_review,,,
Luxe,,,Narrow Lines Glass,,,,,"{""source_pages"": ""48-49"", ""note"": ""glass option""}",,172,pending_review,,,
Luxe,,,Translucent Narrow Lines,,,,,"{""source_pages"": ""48-49"", ""note"": ""glass option""}",,173,pending_review,,,
Hampton,,,Primed MDF,,,,,"{""source_pages"": ""50-51"", ""note"": ""face/finish option""}",,174,pending_review,,,
Hampton,,,Infill Panel,,,,,"{""source_pages"": ""50-51"", ""note"": ""face/finish option""}",,175,pending_review,,,
Hampton,,,Clear,,,,,"{""source_pages"": ""50-51"", ""note"": ""glass option""}",,176,pending_review,,,
Hampton,,,Translucent,,,,,"{""source_pages"": ""50-51"", ""note"": ""glass option""}",,177,pending_review,,,
Bayview,,,Primed MDF,,,,,"{""source_pages"": ""52-53"", ""note"": ""face/finish option""}",,178,pending_review,,,
Bayview,,,SPM,,,,,"{""source_pages"": ""52-53"", ""note"": ""face/finish option""}",,179,pending_review,,,
Bayview,,,Clear,,,,,"{""source_pages"": ""52-53"", ""note"": ""glass option""}",,180,pending_review,,,
Bayview,,,Cathedral,,,,,"{""source_pages"": ""52-53"", ""note"": ""glass option""}",,181,pending_review,,,
Bayview,,,Grey Tint,,,,,"{""source_pages"": ""52-53"", ""note"": ""glass option""}",,182,pending_review,,,
Bayview,,,Translucent,,,,,"{""source_pages"": ""52-53"", ""note"": ""glass option""}",,183,pending_review,,,
Bayview,,,Narrow Lines,,,,,"{""source_pages"": ""52-53"", ""note"": ""glass option""}",,184,pending_review,,,
Allure,,,Primed MDF,,,,,"{""source_pages"": ""54-55"", ""note"": ""face/finish option""}",,185,pending_review,,,
Allure,,,Clear,,,,,"{""source_pages"": ""54-55"", ""note"": ""glass option""}",,186,pending_review,,,
Allure,,,Cathedral,,,,,"{""source_pages"": ""54-55"", ""note"": ""glass option""}",,187,pending_review,,,
Allure,,,Grey Tint,,,,,"{""source_pages"": ""54-55"", ""note"": ""glass option""}",,188,pending_review,,,
Allure,,,Translucent,,,,,"{""source_pages"": ""54-55"", ""note"": ""glass option""}",,189,pending_review,,,
Allure,,,Narrow Lines,,,,,"{""source_pages"": ""54-55"", ""note"": ""glass option""}",,190,pending_review,,,
Humecraft,,,Primed MDF,,,,,"{""source_pages"": ""56-57"", ""note"": ""face/finish option""}",,191,pending_review,,,
Humecraft,,,DuraXP,,,,,"{""source_pages"": ""56-57"", ""note"": ""face/finish option""}",,192,pending_review,,,
Humecraft,,,SPM,,,,,"{""source_pages"": ""56-57"", ""note"": ""face/finish option""}",,193,pending_review,,,
Humecraft,,,Clear,,,,,"{""source_pages"": ""56-57"", ""note"": ""glass option""}",,194,pending_review,,,
Humecraft,,,Cathedral,,,,,"{""source_pages"": ""56-57"", ""note"": ""glass option""}",,195,pending_review,,,
Humecraft,,,Grey Tint,,,,,"{""source_pages"": ""56-57"", ""note"": ""glass option""}",,196,pending_review,,,
Humecraft,,,Translucent,,,,,"{""source_pages"": ""56-57"", ""note"": ""glass option""}",,197,pending_review,,,
Humecraft,,,Rice Paper,,,,,"{""source_pages"": ""56-57"", ""note"": ""glass option""}",,198,pending_review,,,
Sorrento,,,Primed MDF (6mm thick),,,,,"{""source_pages"": ""58-59"", ""note"": ""face/finish option""}",,199,pending_review,,,
Joinery Internal,,,SPM,,,,,"{""source_pages"": ""60-61"", ""note"": ""face/finish option""}",,200,pending_review,,,
Joinery Internal,,,Merbau,,,,,"{""source_pages"": ""60-61"", ""note"": ""face/finish option""}",,201,pending_review,,,
Joinery Internal,,,Tassie Oak,,,,,"{""source_pages"": ""60-61"", ""note"": ""face/finish option""}",,202,pending_review,,,
Joinery Internal,,,Blackbutt,,,,,"{""source_pages"": ""60-61"", ""note"": ""face/finish option""}",,203,pending_review,,,
Joinery Internal,,,Clear,,,,,"{""source_pages"": ""60-61"", ""note"": ""glass option""}",,204,pending_review,,,
Joinery Internal,,,Translucent,,,,,"{""source_pages"": ""60-61"", ""note"": ""glass option""}",,205,pending_review,,,
Joinery Internal,,,Clear Laminate,,,,,"{""source_pages"": ""60-61"", ""note"": ""glass option""}",,206,pending_review,,,
Joinery Internal,,,Double Glaze Frost,,,,,"{""source_pages"": ""60-61"", ""note"": ""glass option""}",,207,pending_review,,,
Joinery Internal,,,Cathedral,,,,,"{""source_pages"": ""60-61"", ""note"": ""glass option""}",,208,pending_review,,,
Joinery Internal,,,Rice Paper,,,,,"{""source_pages"": ""60-61"", ""note"": ""glass option""}",,209,pending_review,,,
Joinery Internal,,,Double Glaze Clear,,,,,"{""source_pages"": ""60-61"", ""note"": ""glass option""}",,210,pending_review,,,
Joinery Internal,,,Narrow Lines,,,,,"{""source_pages"": ""60-61"", ""note"": ""glass option""}",,211,pending_review,,,
Joinery Internal,,,Grey Tint,,,,,"{""source_pages"": ""60-61"", ""note"": ""glass option""}",,212,pending_review,,,
Linear Internal,,,Primed MDF,,,,,"{""source_pages"": ""62-63"", ""note"": ""face/finish option""}",,213,pending_review,,,
Linear Internal,,,SPM,,,,,"{""source_pages"": ""62-63"", ""note"": ""face/finish option""}",,214,pending_review,,,
Linear Internal,,,Clear,,,,,"{""source_pages"": ""62-63"", ""note"": ""glass option""}",,215,pending_review,,,
Linear Internal,,,Cathedral,,,,,"{""source_pages"": ""62-63"", ""note"": ""glass option""}",,216,pending_review,,,
Linear Internal,,,Grey Tint,,,,,"{""source_pages"": ""62-63"", ""note"": ""glass option""}",,217,pending_review,,,
Linear Internal,,,Translucent,,,,,"{""source_pages"": ""62-63"", ""note"": ""glass option""}",,218,pending_review,,,
Accent,,,Primed MDF,,,,,"{""source_pages"": ""64-65"", ""note"": ""face/finish option""}",,219,pending_review,,,
Accent,,,DuraXP,,,,,"{""source_pages"": ""64-65"", ""note"": ""face/finish option""}",,220,pending_review,,,
Moulded Panel Woodgrain,,,Woodgrain Skin,,,,,"{""source_pages"": ""68-69"", ""note"": ""face/finish option""}",,221,pending_review,,,
Moulded Panel Woodgrain,,,Clear,,,,,"{""source_pages"": ""68-69"", ""note"": ""glass option""}",,222,pending_review,,,
Moulded Panel Woodgrain,,,Cathedral,,,,,"{""source_pages"": ""68-69"", ""note"": ""glass option""}",,223,pending_review,,,
Moulded Panel Woodgrain,,,Grey Tint,,,,,"{""source_pages"": ""68-69"", ""note"": ""glass option""}",,224,pending_review,,,
Moulded Panel Woodgrain,,,Translucent,,,,,"{""source_pages"": ""68-69"", ""note"": ""glass option""}",,225,pending_review,,,
Moulded Panel Smooth Skin,,,Smooth Skin,,,,,"{""source_pages"": ""68-69"", ""note"": ""face/finish option""}",,226,pending_review,,,
Moulded Panel Smooth Skin,,,Clear,,,,,"{""source_pages"": ""68-69"", ""note"": ""glass option""}",,227,pending_review,,,
Moulded Panel Smooth Skin,,,Cathedral,,,,,"{""source_pages"": ""68-69"", ""note"": ""glass option""}",,228,pending_review,,,
Moulded Panel Smooth Skin,,,Grey Tint,,,,,"{""source_pages"": ""68-69"", ""note"": ""glass option""}",,229,pending_review,,,
Moulded Panel Smooth Skin,,,Translucent,,,,,"{""source_pages"": ""68-69"", ""note"": ""glass option""}",,230,pending_review,,,
Flush Honeycomb Core,,,Primed MDF,,,,,"{""source_pages"": ""70-71"", ""note"": ""face/finish option""}",,231,pending_review,,,
Flush Honeycomb Core,,,DuraXP,,,,,"{""source_pages"": ""70-71"", ""note"": ""face/finish option""}",,232,pending_review,,,
Flush Honeycomb Core,,,SPM,,,,,"{""source_pages"": ""70-71"", ""note"": ""face/finish option""}",,233,pending_review,,,
Flush Honeycomb Core,,,Paint Grade Ply,,,,,"{""source_pages"": ""70-71"", ""note"": ""face/finish option""}",,234,pending_review,,,
Flush Honeycomb X1 Core,,,DuraXP,,,,,"{""source_pages"": ""70-71"", ""note"": ""face/finish option""}",,235,pending_review,,,
Flush Honeycomb X1 Core,,,SPM,,,,,"{""source_pages"": ""70-71"", ""note"": ""face/finish option""}",,236,pending_review,,,
Flush Honeycomb X1 Core,,,Paint Grade Ply,,,,,"{""source_pages"": ""70-71"", ""note"": ""face/finish option""}",,237,pending_review,,,
Flush Solicore Core,,,Primed MDF,,,,,"{""source_pages"": ""70-71"", ""note"": ""face/finish option""}",,238,pending_review,,,
Flush Solicore Core,,,DuraXP,,,,,"{""source_pages"": ""70-71"", ""note"": ""face/finish option""}",,239,pending_review,,,
Flush Solicore Core,,,SPM,,,,,"{""source_pages"": ""70-71"", ""note"": ""face/finish option""}",,240,pending_review,,,
Flush Solicore Core,,,Paint Grade Ply,,,,,"{""source_pages"": ""70-71"", ""note"": ""face/finish option""}",,241,pending_review,,,
Flush Blockboard Core,,,SPM,,,,,"{""source_pages"": ""70-71"", ""note"": ""face/finish option""}",,242,pending_review,,,
Flush Premium 6mm Core,,,Primed MDF,,,,,"{""source_pages"": ""70-71"", ""note"": ""face/finish option""}",,243,pending_review,,,
Smartrobe,,,White,,,,,"{""source_pages"": ""78-79"", ""note"": ""face/finish option""}",,244,pending_review,,,
Smartrobe,,,Chrome,,,,,"{""source_pages"": ""78-79"", ""note"": ""face/finish option""}",,245,pending_review,,,
Smartrobe,,,Full Mirror Option,,,,,"{""source_pages"": ""78-79"", ""note"": ""face/finish option""}",,246,pending_review,,,
Bi-Fold,,,Primed MDF skin,,,,,"{""source_pages"": ""80-81"", ""note"": ""face/finish option""}",,247,pending_review,,,
Bi-Fold,,,SPM skin,,,,,"{""source_pages"": ""80-81"", ""note"": ""face/finish option""}",,248,pending_review,,,
Bi-Fold,,,Clear,,,,,"{""source_pages"": ""80-81"", ""note"": ""glass option""}",,249,pending_review,,,
Bi-Fold,,,Cathedral,,,,,"{""source_pages"": ""80-81"", ""note"": ""glass option""}",,250,pending_review,,,
Bi-Fold,,,Grey Tint,,,,,"{""source_pages"": ""80-81"", ""note"": ""glass option""}",,251,pending_review,,,
Bi-Fold,,,Translucent,,,,,"{""source_pages"": ""80-81"", ""note"": ""glass option""}",,252,pending_review,,,
Multi-Fold,,,Primed MDF skin,,,,,"{""source_pages"": ""80-81"", ""note"": ""face/finish option""}",,253,pending_review,,,
Multi-Fold,,,SPM skin,,,,,"{""source_pages"": ""80-81"", ""note"": ""face/finish option""}",,254,pending_review,,,
Multi-Fold,,,Clear,,,,,"{""source_pages"": ""80-81"", ""note"": ""glass option""}",,255,pending_review,,,
Multi-Fold,,,Cathedral,,,,,"{""source_pages"": ""80-81"", ""note"": ""glass option""}",,256,pending_review,,,
Multi-Fold,,,Grey Tint,,,,,"{""source_pages"": ""80-81"", ""note"": ""glass option""}",,257,pending_review,,,
Multi-Fold,,,Translucent,,,,,"{""source_pages"": ""80-81"", ""note"": ""glass option""}",,258,pending_review,,,
Prehung,,,Chrome,,,,,"{""source_pages"": ""82"", ""note"": ""face/finish option""}",,259,pending_review,,,
Prehung,,,Matt Black,,,,,"{""source_pages"": ""82"", ""note"": ""face/finish option""}",,260,pending_review,,,
Prehung,,,Stainless Steel,,,,,"{""source_pages"": ""82"", ""note"": ""face/finish option""}",,261,pending_review,,,
Prehung,,,Satin Brass,,,,,"{""source_pages"": ""82"", ""note"": ""face/finish option""}",,262,pending_review,,,
Timber Mouldings Profiles,,,SILKTRIM®,,,,,"{""source_pages"": ""83"", ""note"": ""face/finish option""}",,263,pending_review,,,
Timber Mouldings Profiles,,,Pinetrim Plus® - Primed,,,,,"{""source_pages"": ""83"", ""note"": ""face/finish option""}",,264,pending_review,,,
Timber Mouldings Profiles,,,Pinetrim XT® H3 L.O.S.P. Primed Treated Pine,,,,,"{""source_pages"": ""83"", ""note"": ""face/finish option""}",,265,pending_review,,,
Timber Mouldings Profiles,,,MERANTI,,,,,"{""source_pages"": ""83"", ""note"": ""face/finish option""}",,266,pending_review,,,
Steel Door Frame,,,Zinc,,,,,"{""source_pages"": ""84"", ""note"": ""face/finish option""}",,267,pending_review,,,
Steel Door Frame,,,Galvanized,,,,,"{""source_pages"": ""84"", ""note"": ""face/finish option""}",,268,pending_review,,,
Steel Door Frame,,,Stainless steel,,,,,"{""source_pages"": ""84"", ""note"": ""face/finish option""}",,269,pending_review,,,
Steel Door Frame,,,Primed,,,,,"{""source_pages"": ""84"", ""note"": ""face/finish option""}",,270,pending_review,,,
GAL Sealed Cavity Unit,,,38mm Pencil Round Architrave,,,,,"{""source_pages"": ""85"", ""note"": ""face/finish option""}",,271,pending_review,,,
GAL Sealed Cavity Unit,,,Rediset reveal,,,,,"{""source_pages"": ""85"", ""note"": ""face/finish option""}",,272,pending_review,,,
GAL Sealed Cavity Unit,,,Recessed closing jamb,,,,,"{""source_pages"": ""85"", ""note"": ""face/finish option""}",,273,pending_review,,,
GAL Sealed Cavity Unit,,,Flat jambs,,,,,"{""source_pages"": ""85"", ""note"": ""face/finish option""}",,274,pending_review,,,
Fire Doors,,,MDF,,,,,"{""source_pages"": ""85"", ""note"": ""face/finish option""}",,275,pending_review,,,
Fire Doors,,,Ply,,,,,"{""source_pages"": ""85"", ""note"": ""face/finish option""}",,276,pending_review,,,
Fire Doors,,,Tempered Hardboard,,,,,"{""source_pages"": ""85"", ""note"": ""face/finish option""}",,277,pending_review,,,
