system_name,id,staged_system_id,name,profile_name,product_code,dimensions,length_m,sheet_format,length_mm,width_mm,height_mm,thickness_mm,depth_mm,gauge_mm,diameter_mm,roll_m,weight_kg,pieces,volume_ml,weight_g,pack_format,supplier_pack_qty,supplier_pack_uom,supplier_pack_note,bal_rating,uom,image_url,website_url,parser_notes,extracted_at,sort_order,verification_status,reviewer_notes,created_at,updated_at
Haven,,,HAV22,HAV22,HAV22,Standard Door Size: 2040x820x40; Custom Door Size: Min 1990x805x40 - Max 2400x1200x40; Standard Sidelite Size: 2040x400x40; Custom Sidelite Size: Min 1990x330x40 - Max 2400x500x40,,,,820,2040,40,,,,,,,,,,,,,BAL12.5,ea,,,"{""source_pages"": ""6-7""}",,1,pending_review,,,
Haven,,,HAV44,HAV44,HAV44,Standard Door Size: 2040x820x40; Custom Door Size: Min 1990x805x40 - Max 2400x1200x40; Standard Sidelite Size: 2040x400x40; Custom Sidelite Size: Min 1990x330x40 - Max 2400x500x40,,,,820,2040,40,,,,,,,,,,,,,BAL12.5,ea,,,"{""source_pages"": ""6-7""}",,2,pending_review,,,
Haven,,,HAV45,HAV45,HAV45,Standard Door Size: 2040x820x40; Custom Door Size: Min 1990x805x40 - Max 2400x1200x40; Standard Sidelite Size: 2040x400x40; Custom Sidelite Size: Min 1990x330x40 - Max 2400x500x40,,,,820,2040,40,,,,,,,,,,,,,BAL12.5,ea,,,"{""source_pages"": ""6-7""}",,3,pending_review,,,
Haven,,,HAV50,HAV50,HAV50,Standard Door Size: 2040x820x40; Custom Door Size: Min 1990x805x40 - Max 2400x1200x40; Standard Sidelite Size: 2040x400x40; Custom Sidelite Size: Min 1990x330x40 - Max 2400x500x40,,,,820,2040,40,,,,,,,,,,,,,BAL12.5,ea,,,"{""source_pages"": ""6-7""}",,4,pending_review,,,
Haven,,,HAV66,HAV66,HAV66,Standard Door Size: 2040x820x40; Custom Door Size: Min 1990x805x40 - Max 2400x1200x40; Standard Sidelite Size: 2040x400x40; Custom Sidelite Size: Min 1990x330x40 - Max 2400x500x40,,,,820,2040,40,,,,,,,,,,,,,BAL12.5,ea,,,"{""source_pages"": ""6-7""}",,5,pending_review,,,
Haven,,,HAV67,HAV67,HAV67,Standard Door Size: 2040x820x40; Custom Door Size: Min 1990x805x40 - Max 2400x1200x40; Standard Sidelite Size: 2040x400x40; Custom Sidelite Size: Min 1990x330x40 - Max 2400x500x40,,,,820,2040,40,,,,,,,,,,,,,BAL12.5,ea,,,"{""source_pages"": ""6-7""}",,6,pending_review,,,
Haven,,,HAV88,HAV88,HAV88,Standard Door Size: 2040x820x40; Custom Door Size: Min 1990x805x40 - Max 2400x1200x40; Standard Sidelite Size: 2040x400x40; Custom Sidelite Size: Min 1990x330x40 - Max 2400x500x40,,,,820,2040,40,,,,,,,,,,,,,BAL12.5,ea,,,"{""source_pages"": ""6-7""}",,7,pending_review,,,
Haven,,,HAV89,HAV89,HAV89,Standard Door Size: 2040x820x40; Custom Door Size: Min 1990x805x40 - Max 2400x1200x40; Standard Sidelite Size: 2040x400x40; Custom Sidelite Size: Min 1990x330x40 - Max 2400x500x40,,,,820,2040,40,,,,,,,,,,,,,BAL12.5,ea,,,"{""source_pages"": ""6-7""}",,8,pending_review,,,
Haven,,,HAV99,HAV99,HAV99,Standard Door Size: 2040x820x40; Custom Door Size: Min 1990x805x40 - Max 2400x1200x40; Standard Sidelite Size: 2040x400x40; Custom Sidelite Size: Min 1990x330x40 - Max 2400x500x40,,,,820,2040,40,,,,,,,,,,,,,BAL12.5,ea,,,"{""source_pages"": ""6-7""}",,9,pending_review,,,
Haven,,,HAV100,HAV100,HAV100,Standard Door Size: 2040x820x40; Custom Door Size: Min 1990x805x40 - Max 2400x1200x40; Standard Sidelite Size: 2040x400x40; Custom Sidelite Size: Min 1990x330x40 - Max 2400x500x40,,,,820,2040,40,,,,,,,,,,,,,BAL12.5,ea,,,"{""source_pages"": ""6-7""}",,10,pending_review,,,
Savoy 1200,,,XS24,XS24,XS24,"Standard Door Size: 2040x1200x40, 2340x1200x40; Custom Door Size: Min 1990x1100x40 - Max 2400x1200x40",,,,,,,,,,,,,,,,,,,BAL12.5,ea,,,"{""source_pages"": ""8-9""}",,11,pending_review,,,
Savoy 1200,,,XS26,XS26,XS26,"Standard Door Size: 2040x1200x40, 2340x1200x40; Custom Door Size: Min 1990x1100x40 - Max 2400x1200x40",,,,,,,,,,,,,,,,,,,BAL12.5,ea,,,"{""source_pages"": ""8-9""}",,12,pending_review,,,
Savoy 1200,,,XS28,XS28,XS28,"Standard Door Size: 2040x1200x40, 2340x1200x40; Custom Door Size: Min 1990x1100x40 - Max 2400x1200x40",,,,,,,,,,,,,,,,,,,BAL12.5,ea,,,"{""source_pages"": ""8-9""}",,13,pending_review,,,
Savoy 1200,,,XS45,XS45,XS45,"Standard Door Size: 2040x1200x40, 2340x1200x40; Custom Door Size: Min 1990x1100x40 - Max 2400x1200x40",,,,,,,,,,,,,,,,,,,BAL12.5,ea,,,"{""source_pages"": ""8-9""}",,14,pending_review,,,
Savoy 820,,,XS24,XS24,XS24,Standard Door Size: 2040x820x40; Custom Door Size: Min 1990x805x40 - Max 2400x1100x40,,,,820,2040,40,,,,,,,,,,,,,BAL12.5,ea,,,"{""source_pages"": ""10-11""}",,15,pending_review,,,
Savoy 820,,,XS26,XS26,XS26,Standard Door Size: 2040x820x40; Custom Door Size: Min 1990x805x40 - Max 2400x1100x40,,,,820,2040,40,,,,,,,,,,,,,BAL12.5,ea,,,"{""source_pages"": ""10-11""}",,16,pending_review,,,
Savoy 820,,,XS28,XS28,XS28,Standard Door Size: 2040x820x40; Custom Door Size: Min 1990x805x40 - Max 2400x1100x40,,,,820,2040,40,,,,,,,,,,,,,BAL12.5,ea,,,"{""source_pages"": ""10-11""}",,17,pending_review,,,
Savoy 820,,,XS45,XS45,XS45,Standard Door Size: 2040x820x40; Custom Door Size: Min 1990x805x40 - Max 2400x1100x40,,,,820,2040,40,,,,,,,,,,,,,BAL12.5,ea,,,"{""source_pages"": ""10-11""}",,18,pending_review,,,
Savoy 820,,,XS11,XS11,XS11,Standard Door Size: 2040x820x40; Custom Door Size: Min 1990x805x40 - Max 2400x1100x40,,,,820,2040,40,,,,,,,,,,,,,BAL12.5,ea,,,"{""source_pages"": ""10-11""}",,19,pending_review,,,
Linear Entrance,,,XLR120,XLR120,XLR120,"Standard Door Size: 2040x820x40, 2040x1200x40; Custom Door Size: Min 1990x805x40 - Max 2400x1200x40",,,,,,,,,,,,,,,,,,,BAL12.5,ea,,,"{""source_pages"": ""12-13""}",,20,pending_review,,,
Linear Entrance,,,XLR130,XLR130,XLR130,"Standard Door Size: 2040x820x40, 2040x1200x40; Custom Door Size: Min 1990x805x40 - Max 2400x1200x40",,,,,,,,,,,,,,,,,,,BAL12.5,ea,,,"{""source_pages"": ""12-13""}",,21,pending_review,,,
Linear Entrance,,,XLR140,XLR140,XLR140,"Standard Door Size: 2040x820x40, 2040x1200x40; Custom Door Size: Min 1990x805x40 - Max 2400x1200x40",,,,,,,,,,,,,,,,,,,BAL12.5,ea,,,"{""source_pages"": ""12-13""}",,22,pending_review,,,
Linear Entrance,,,XLR150,XLR150,XLR150,"Standard Door Size: 2040x820x40, 2040x1200x40; Custom Door Size: Min 1990x805x40 - Max 2400x1200x40",,,,,,,,,,,,,,,,,,,BAL12.5,ea,,,"{""source_pages"": ""12-13""}",,23,pending_review,,,
Linear Entrance,,,XLR160,XLR160,XLR160,"Standard Door Size: 2040x820x40, 2040x1200x40; Custom Door Size: Min 1990x805x40 - Max 2400x1200x40",,,,,,,,,,,,,,,,,,,BAL12.5,ea,,,"{""source_pages"": ""12-13""}",,24,pending_review,,,
Linear Entrance,,,XLR170,XLR170,XLR170,"Standard Door Size: 2040x820x40, 2040x1200x40; Custom Door Size: Min 1990x805x40 - Max 2400x1200x40",,,,,,,,,,,,,,,,,,,BAL12.5,ea,,,"{""source_pages"": ""12-13""}",,25,pending_review,,,
Linear Entrance,,,XLR500,XLR500,XLR500,"Standard Door Size: 2040x820x40, 2040x1200x40; Custom Door Size: Min 1990x805x40 - Max 2400x1200x40",,,,,,,,,,,,,,,,,,,BAL12.5,ea,,,"{""source_pages"": ""12-13""}",,26,pending_review,,,
Linear Entrance,,,XLR500 (1200),XLR500 (1200),XLR500 (1200),"Standard Door Size: 2040x820x40, 2040x1200x40; Custom Door Size: Min 1990x805x40 - Max 2400x1200x40",,,,,,,,,,,,,,,,,,,BAL12.5,ea,,,"{""source_pages"": ""12-13""}",,27,pending_review,,,
Linear Entrance,,,XLR510,XLR510,XLR510,"Standard Door Size: 2040x820x40, 2040x1200x40; Custom Door Size: Min 1990x805x40 - Max 2400x1200x40",,,,,,,,,,,,,,,,,,,BAL12.5,ea,,,"{""source_pages"": ""12-13""}",,28,pending_review,,,
Linear Entrance,,,XLR600,XLR600,XLR600,"Standard Door Size: 2040x820x40, 2040x1200x40; Custom Door Size: Min 1990x805x40 - Max 2400x1200x40",,,,,,,,,,,,,,,,,,,BAL12.5,ea,,,"{""source_pages"": ""12-13""}",,29,pending_review,,,
Linear Entrance,,,XLR610,XLR610,XLR610,"Standard Door Size: 2040x820x40, 2040x1200x40; Custom Door Size: Min 1990x805x40 - Max 2400x1200x40",,,,,,,,,,,,,,,,,,,BAL12.5,ea,,,"{""source_pages"": ""12-13""}",,30,pending_review,,,
Linear Entrance,,,XLR700,XLR700,XLR700,"Standard Door Size: 2040x820x40, 2040x1200x40; Custom Door Size: Min 1990x805x40 - Max 2400x1200x40",,,,,,,,,,,,,,,,,,,BAL12.5,ea,,,"{""source_pages"": ""12-13""}",,31,pending_review,,,
Joinery Entrance,,,JST1,JST1,JST1,"Standard Door Size: 2040x620/720/770/820x40 (JST1, JST10); 2040x1200x40 (JST1); Custom Door Size: Min 1990x805x40 - Max 2400x1200x40; Standard Sidelite Size: 2040x400x40 (JST5, JST11); Custom Sidelite Size: Min 1990x330x40 - Max 2400x500x40 (JST11)",,,,,,,,,,,,,,,,,,,BAL12.5,ea,,,"{""source_pages"": ""14-15""}",,32,pending_review,,,
Joinery Entrance,,,JST1 (1200),JST1 (1200),JST1 (1200),"Standard Door Size: 2040x1200x40 (JST1)",,,,,,,,,,,,,,,,,,,BAL12.5,ea,,,"{""source_pages"": ""14-15""}",,33,pending_review,,,
Joinery Entrance,,,JST2,JST2,JST2,Standard Door Size: 2040x820x40; Custom Door Size: Min 1990x805x40 - Max 2400x1200x40,,,,,,,,,,,,,,,,,,,BAL12.5,ea,,,"{""source_pages"": ""14-15""}",,34,pending_review,,,
Joinery Entrance,,,JST5,JST5,JST5,Standard Sidelite Size: 2040x400x40,,,,,,,,,,,,,,,,,,,BAL12.5,ea,,,"{""source_pages"": ""14-15""}",,35,pending_review,,,
Joinery Entrance,,,JST6,JST6,JST6,Standard Door Size: 2040x820x40,,,,,,,,,,,,,,,,,,,BAL12.5,ea,,,"{""source_pages"": ""14-15""}",,36,pending_review,,,
Joinery Entrance,,,JST10,JST10,JST10,"Standard Door Size: 2040x620/720/770/820x40",,,,,,,,,,,,,,,,,,,BAL12.5,ea,,,"{""source_pages"": ""14-15""}",,37,pending_review,,,
Joinery Entrance,,,JST11,JST11,JST11,"Standard Sidelite Size: 2040x400x40; Custom Sidelite Size: Min 1990x330x40 - Max 2400x500x40",,,,,,,,,,,,,,,,,,,BAL12.5,ea,,,"{""source_pages"": ""14-15""}",,38,pending_review,,,
Joinery Entrance,,,XL10,XL10,XL10,Standard Door Size: 2040x820x40,,,,,,,,,,,,,,,,,,,BAL12.5,ea,,,"{""source_pages"": ""14-15""}",,39,pending_review,,,
Illusion,,,XIL1,XIL1,XIL1,"Standard Door Size: 2040x820x40, 2040x1200x40; Custom Door Size: Min 1990x805x40 - Max 2400x1200x40",,,,,,,,,,,,,,,,,,,BAL12.5,ea,,,"{""source_pages"": ""16-17""}",,40,pending_review,,,
Illusion,,,XIL6,XIL6,XIL6,"Standard Door Size: 2040x820x40, 2040x1200x40; Custom Door Size: Min 1990x805x40 - Max 2400x1200x40",,,,,,,,,,,,,,,,,,,BAL12.5,ea,,,"{""source_pages"": ""16-17""}",,41,pending_review,,,
Illusion,,,XIL21,XIL21,XIL21,"Standard Door Size: 2040x820x40, 2040x1200x40; Custom Door Size: Min 1990x805x40 - Max 2400x1200x40",,,,,,,,,,,,,,,,,,,BAL12.5,ea,,,"{""source_pages"": ""16-17""}",,42,pending_review,,,
Illusion,,,XIL26,XIL26,XIL26,"Standard Door Size: 2040x820x40, 2040x1200x40; Custom Door Size: Min 1990x805x40 - Max 2400x1200x40",,,,,,,,,,,,,,,,,,,BAL12.5,ea,,,"{""source_pages"": ""16-17""}",,43,pending_review,,,
Vaucluse,,,XV1,XV1,XV1,Standard Door Size: 2040x820x40; Custom Door Size: Min 1990x805x40 - Max 2400x1200x40,,,,820,2040,40,,,,,,,,,,,,,BAL12.5,ea,,,"{""source_pages"": ""18-19""}",,44,pending_review,,,
Vaucluse,,,XV4,XV4,XV4,Standard Door Size: 2040x820x40; Custom Door Size: Min 1990x805x40 - Max 2400x1200x40,,,,820,2040,40,,,,,,,,,,,,,BAL12.5,ea,,,"{""source_pages"": ""18-19""}",,45,pending_review,,,
Vaucluse,,,XV7,XV7,XV7,Standard Door Size: 2040x820x40; Custom Door Size: Min 1990x805x40 - Max 2400x1200x40,,,,820,2040,40,,,,,,,,,,,,,BAL12.5,ea,,,"{""source_pages"": ""18-19""}",,46,pending_review,,,
Vaucluse,,,XV9,XV9,XV9,Standard Door Size: 2040x820x40; Custom Door Size: Min 1990x805x40 - Max 2400x1200x40,,,,820,2040,40,,,,,,,,,,,,,BAL12.5,ea,,,"{""source_pages"": ""18-19""}",,47,pending_review,,,
Vaucluse,,,XV10,XV10,XV10,Standard Door Size: 2040x820x40; Custom Door Size: Min 1990x805x40 - Max 2400x1200x40,,,,820,2040,40,,,,,,,,,,,,,BAL12.5,ea,,,"{""source_pages"": ""18-19""}",,48,pending_review,,,
Vaucluse,,,XV14,XV14,XV14,Standard Door Size: 2040x820x40; Custom Door Size: Min 1990x805x40 - Max 2400x1200x40,,,,820,2040,40,,,,,,,,,,,,,BAL12.5,ea,,,"{""source_pages"": ""18-19""}",,49,pending_review,,,
Vaucluse,,,XV18,XV18,XV18,Standard Door Size: 2040x820x40; Custom Door Size: Min 1990x805x40 - Max 2400x1200x40,,,,820,2040,40,,,,,,,,,,,,,BAL12.5,ea,,,"{""source_pages"": ""18-19""}",,50,pending_review,,,
Vaucluse,,,XV20,XV20,XV20,Standard Door Size: 2040x820x40; Custom Door Size: Min 1990x805x40 - Max 2400x1200x40,,,,820,2040,40,,,,,,,,,,,,,BAL12.5,ea,,,"{""source_pages"": ""18-19""}",,51,pending_review,,,
Vaucluse,,,XV31,XV31,XV31,Standard Door Size: 2040x820x40; Custom Door Size: Min 1990x805x40 - Max 2400x1200x40,,,,820,2040,40,,,,,,,,,,,,,BAL12.5,ea,,,"{""source_pages"": ""18-19""}",,52,pending_review,,,
Vaucluse,,,XV32,XV32,XV32,Standard Door Size: 2040x820x40; Custom Door Size: Min 1990x805x40 - Max 2400x1200x40,,,,820,2040,40,,,,,,,,,,,,,BAL12.5,ea,,,"{""source_pages"": ""18-19""}",,53,pending_review,,,
Newington,,,XN1,XN1,XN1,"Standard Door Size: 2040x820x40; Custom Door Size: Min 1990x805x40 - Max 2400x1200x40; Standard Sidelite Size: 2040x200x40 (XN14), 2040x400x40 (XN9, XN11, XN12); Custom Sidelite Size: Min 1990x330x40 - Max 2400x500x40",,,,820,2040,40,,,,,,,,,,,,,BAL12.5,ea,,,"{""source_pages"": ""20-21""}",,54,pending_review,,,
Newington,,,XN5,XN5,XN5,"Standard Door Size: 2040x820x40",,,,820,2040,40,,,,,,,,,,,,,BAL12.5,ea,,,"{""source_pages"": ""20-21""}",,55,pending_review,,,
Newington,,,XN6,XN6,XN6,"Standard Door Size: 2040x820x40",,,,820,2040,40,,,,,,,,,,,,,BAL12.5,ea,,,"{""source_pages"": ""20-21""}",,56,pending_review,,,
Newington,,,XN7,XN7,XN7,"Standard Door Size: 2040x820x40",,,,820,2040,40,,,,,,,,,,,,,BAL12.5,ea,,,"{""source_pages"": ""20-21""}",,57,pending_review,,,
Newington,,,XN9,XN9,XN9,"Standard Sidelite Size: 2040x400x40",,,,400,2040,40,,,,,,,,,,,,,BAL12.5,ea,,,"{""source_pages"": ""20-21""}",,58,pending_review,,,
Newington,,,XN11,XN11,XN11,"Standard Sidelite Size: 2040x400x40",,,,400,2040,40,,,,,,,,,,,,,BAL12.5,ea,,,"{""source_pages"": ""20-21""}",,59,pending_review,,,
Newington,,,XN12,XN12,XN12,"Standard Sidelite Size: 2040x400x40",,,,400,2040,40,,,,,,,,,,,,,BAL12.5,ea,,,"{""source_pages"": ""20-21""}",,60,pending_review,,,
Newington,,,XN14,XN14,XN14,"Standard Sidelite Size: 2040x200x40",,,,200,2040,40,,,,,,,,,,,,,BAL12.5,ea,,,"{""source_pages"": ""20-21""}",,61,pending_review,,,
Newington,,,XN16,XN16,XN16,"Standard Door Size: 2040x820x40",,,,820,2040,40,,,,,,,,,,,,,BAL12.5,ea,,,"{""source_pages"": ""20-21""}",,62,pending_review,,,
Regency,,,XR4,XR4,XR4,"Standard Door Size: 2040x820x40, 2040x1200x40; Custom Door Size: Min 1990x805x40 - Max 2400x1200x40; Standard Sidelite Size: 2040x400x40; Custom Sidelite Size: Min 1990x330x40 - Max 2400x520x40",,,,,,,,,,,,,,,,,,,BAL12.5,ea,,,"{""source_pages"": ""22-23""}",,63,pending_review,,,
Regency,,,XR4 (1200),XR4 (1200),XR4 (1200),"Standard Door Size: 2040x1200x40",,,,,,,,,,,,,,,,,,,BAL12.5,ea,,,"{""source_pages"": ""22-23""}",,64,pending_review,,,
Regency,,,XR5,XR5,XR5,"Standard Door Size: 2040x820x40",,,,,,,,,,,,,,,,,,,BAL12.5,ea,,,"{""source_pages"": ""22-23""}",,65,pending_review,,,
Regency,,,XR6,XR6,XR6,"Standard Door Size: 2040x820x40",,,,,,,,,,,,,,,,,,,BAL12.5,ea,,,"{""source_pages"": ""22-23""}",,66,pending_review,,,
Nexus,,,NEX30,NEX30,NEX30,"Standard Door Size: 2040x820x40; Custom Door Size: Min 1990x805x40 - Max 2400x1200x40",,,,,,,,,,,,,,,,,,,BAL12.5,ea,,,"{""source_pages"": ""24-25""}",,67,pending_review,,,
Nexus,,,NEX35,NEX35,NEX35,"Standard Door Size: 2040x820x40",,,,,,,,,,,,,,,,,,,BAL12.5,ea,,,"{""source_pages"": ""24-25""}",,68,pending_review,,,
Nexus,,,NEX36,NEX36,NEX36,"Standard Door Size: 2040x820x40",,,,,,,,,,,,,,,,,,,BAL12.5,ea,,,"{""source_pages"": ""24-25""}",,69,pending_review,,,
Nexus,,,NEX38,NEX38,NEX38,"Standard Door Size: 2040x820x40",,,,,,,,,,,,,,,,,,,BAL12.5,ea,,,"{""source_pages"": ""24-25""}",,70,pending_review,,,
Nexus,,,NEX40,NEX40,NEX40,"Standard Door Size: 2040x1200x40; Custom Door Size: Min 1990x1020x40 - Max 2400x1200x40",,,,,,,,,,,,,,,,,,,BAL12.5,ea,,,"{""source_pages"": ""24-25""}",,71,pending_review,,,
Nexus,,,NEX100,NEX100,NEX100,"Standard Door Size: 2040x820x40",,,,,,,,,,,,,,,,,,,BAL12.5,ea,,,"{""source_pages"": ""24-25""}",,72,pending_review,,,
Vaucluse Premier,,,XVP11,XVP11,XVP11,"Standard Door Size: 2040x820x40, 2040x1200x40; Custom Size Doors: Min 1990x805x40 - Max 2400x1200x40; Standard Sidelite Size: 2040x400x40; Sidelite Size: Min 1990x330x40 - Max 2400x500x40",,,,,,,,,,,,,,,,,,,BAL12.5,ea,,,"{""source_pages"": ""26-27""}",,73,pending_review,,,
Vaucluse Premier,,,XVP12,XVP12,XVP12,"Standard Door Size: 2040x820x40, 2040x1200x40",,,,,,,,,,,,,,,,,,,BAL12.5,ea,,,"{""source_pages"": ""26-27""}",,74,pending_review,,,
Vaucluse Premier,,,XVP13,XVP13,XVP13,"Standard Door Size: 2040x820x40, 2040x1200x40",,,,,,,,,,,,,,,,,,,BAL12.5,ea,,,"{""source_pages"": ""26-27""}",,75,pending_review,,,
Vaucluse Premier,,,XVP17,XVP17,XVP17,"Standard Door Size: 2040x820x40, 2040x1200x40",,,,,,,,,,,,,,,,,,,BAL12.5,ea,,,"{""source_pages"": ""26-27""}",,76,pending_review,,,
Vaucluse Premier,,,XVP19,XVP19,XVP19,"Standard Door Size: 2040x820x40, 2040x1200x40",,,,,,,,,,,,,,,,,,,BAL12.5,ea,,,"{""source_pages"": ""26-27""}",,77,pending_review,,,
Vaucluse Premier,,,XVP20,XVP20,XVP20,"Standard Door Size: 2040x820x40, 2040x1200x40",,,,,,,,,,,,,,,,,,,BAL12.5,ea,,,"{""source_pages"": ""26-27""}",,78,pending_review,,,
Vaucluse Premier,,,XVP22,XVP22,XVP22,"Standard Door Size: 2040x820x40",,,,,,,,,,,,,,,,,,,BAL12.5,ea,,,"{""source_pages"": ""26-27""}",,79,pending_review,,,
Vaucluse Premier,,,XVP22 (1200),XVP22 (1200),XVP22 (1200),"Standard Door Size: 2040x1200x40",,,,,,,,,,,,,,,,,,,BAL12.5,ea,,,"{""source_pages"": ""26-27""}",,80,pending_review,,,
Carringbush,,,XCB1,XCB1,XCB1,Standard Door Size: 2040x820x40; Custom Door Size: Min 1990x805x40 - Max 2400x1100x40; Standard Sidelite Size: 2040x400x40; Custom Sidelite Size: Min 1990x340x40 - Max 2400x520x40,,,,820,2040,40,,,,,,,,,,,,,BAL12.5,ea,,,"{""source_pages"": ""28-29""}",,81,pending_review,,,
Carringbush,,,XCB2,XCB2,XCB2,Standard Door Size: 2040x820x40,,,,820,2040,40,,,,,,,,,,,,,BAL12.5,ea,,,"{""source_pages"": ""28-29""}",,82,pending_review,,,
Carringbush,,,XCB7,XCB7,XCB7,Standard Door Size: 2040x820x40,,,,820,2040,40,,,,,,,,,,,,,BAL12.5,ea,,,"{""source_pages"": ""28-29""}",,83,pending_review,,,
Glass Opening Entrance,,,XF1,XF1,XF1,"Standard Door Size: 2040x820x35/40; Custom Door Size: Min 1990x705x35/40 - Max 2400x1200x35/40",,,,,,,,,,,,,,,,,,,BAL12.5,ea,,,"{""source_pages"": ""30-31""}",,84,pending_review,,,
Glass Opening Entrance,,,SCXF1,SCXF1,SCXF1,"Standard Door Size: 2040x820x35/40",,,,,,,,,,,,,,,,,,,BAL12.5,ea,,,"{""source_pages"": ""30-31""}",,85,pending_review,,,
Glass Opening Entrance,,,XF3,XF3,XF3,"Standard Door Size: 2040x820x35/40; Custom Door Size: Min 1990x705x35/40 - Max 2400x1200x35/40",,,,,,,,,,,,,,,,,,,BAL12.5,ea,,,"{""source_pages"": ""30-31""}",,86,pending_review,,,
Glass Opening Entrance,,,SCXF3,SCXF3,SCXF3,"Standard Door Size: 2040x820x35/40",,,,,,,,,,,,,,,,,,,BAL12.5,ea,,,"{""source_pages"": ""30-31""}",,87,pending_review,,,
Glass Opening Entrance,,,XF8,XF8,XF8,"Standard Door Size: 2040x820x35/40",,,,,,,,,,,,,,,,,,,BAL12.5,ea,,,"{""source_pages"": ""30-31""}",,88,pending_review,,,
Elite Doors,,,XE1,XE1,XE1,"Standard Door Size: 2040x820x40, 2040x920x40, 2040x1200x40, 2340x1200x40; Custom Door Size: Made to order available",,,,,,,,,,,,,,,,,,,BAL12.5 / BAL19 / BAL29,ea,,,"{""source_pages"": ""32-33""}",,89,pending_review,,,
Elite Doors,,,XE2,XE2,XE2,"Standard Door Size: 2040x820x40, 2040x920x40, 2040x1200x40, 2340x1200x40",,,,,,,,,,,,,,,,,,,BAL12.5 / BAL19 / BAL29,ea,,,"{""source_pages"": ""32-33""}",,90,pending_review,,,
Elite Doors,,,XE3,XE3,XE3,"Standard Door Size: 2040x820x40, 2040x920x40, 2040x1200x40, 2340x1200x40",,,,,,,,,,,,,,,,,,,BAL12.5 / BAL19 / BAL29,ea,,,"{""source_pages"": ""32-33""}",,91,pending_review,,,
Elite Doors,,,XE4,XE4,XE4,"Standard Door Size: 2040x820x40, 2040x920x40, 2040x1200x40, 2340x1200x40",,,,,,,,,,,,,,,,,,,BAL12.5 / BAL19 / BAL29,ea,,,"{""source_pages"": ""32-33""}",,92,pending_review,,,
Elite Doors,,,XE6,XE6,XE6,"Standard Door Size: 2040x820x40, 2040x920x40, 2040x1200x40, 2340x1200x40",,,,,,,,,,,,,,,,,,,BAL12.5 / BAL19 / BAL29,ea,,,"{""source_pages"": ""32-33""}",,93,pending_review,,,
Elite Doors,,,XE9,XE9,XE9,"Standard Door Size: 2040x820x40, 2040x920x40, 2040x1200x40, 2340x1200x40",,,,,,,,,,,,,,,,,,,BAL12.5 / BAL19 / BAL29,ea,,,"{""source_pages"": ""32-33""}",,94,pending_review,,,
Elite Doors,,,XE10,XE10,XE10,"Standard Door Size: 2040x820x40, 2040x920x40, 2040x1200x40, 2340x1200x40",,,,,,,,,,,,,,,,,,,BAL12.5 / BAL19 / BAL29,ea,,,"{""source_pages"": ""32-33""}",,95,pending_review,,,
Elite Doors,,,XE11,XE11,XE11,"Standard Door Size: 2040x820x40, 2040x920x40, 2040x1200x40, 2340x1200x40",,,,,,,,,,,,,,,,,,,BAL12.5 / BAL19 / BAL29,ea,,,"{""source_pages"": ""32-33""}",,96,pending_review,,,
Elite Doors,,,XE12,XE12,XE12,"Standard Door Size: 2040x820x40, 2040x920x40, 2040x1200x40, 2340x1200x40",,,,,,,,,,,,,,,,,,,BAL12.5 / BAL19 / BAL29,ea,,,"{""source_pages"": ""32-33""}",,97,pending_review,,,
Elite Doors,,,XE13,XE13,XE13,"Standard Door Size: 2040x820x40, 2040x920x40, 2040x1200x40, 2340x1200x40",,,,,,,,,,,,,,,,,,,BAL12.5 / BAL19 / BAL29,ea,,,"{""source_pages"": ""32-33""}",,98,pending_review,,,
Elite Doors,,,XE14,XE14,XE14,"Standard Door Size: 2040x820x40, 2040x920x40, 2040x1200x40, 2340x1200x40",,,,,,,,,,,,,,,,,,,BAL12.5 / BAL19 / BAL29,ea,,,"{""source_pages"": ""32-33""}",,99,pending_review,,,
Elite Doors,,,XE21,XE21,XE21,"Standard Door Size: 2040x820x40, 2040x920x40, 2040x1200x40, 2340x1200x40",,,,,,,,,,,,,,,,,,,BAL12.5 / BAL19 / BAL29,ea,,,"{""source_pages"": ""32-33""}",,100,pending_review,,,
Elite Doors,,,XE22,XE22,XE22,"Standard Door Size: 2040x820x40, 2040x920x40, 2040x1200x40, 2340x1200x40",,,,,,,,,,,,,,,,,,,BAL12.5 / BAL19 / BAL29,ea,,,"{""source_pages"": ""32-33""}",,101,pending_review,,,
Elite Doors,,,XE23,XE23,XE23,"Standard Door Size: 2040x820x40, 2040x920x40, 2040x1200x40, 2340x1200x40",,,,,,,,,,,,,,,,,,,BAL12.5 / BAL19 / BAL29,ea,,,"{""source_pages"": ""32-33""}",,102,pending_review,,,
Elite Doors,,,XE24,XE24,XE24,"Standard Door Size: 2040x820x40, 2040x920x40, 2040x1200x40, 2340x1200x40",,,,,,,,,,,,,,,,,,,BAL12.5 / BAL19 / BAL29,ea,,,"{""source_pages"": ""32-33""}",,103,pending_review,,,
BAL19 & 29 Doors,,,BFR3,BFR3,BFR3,Standard Door Size: 2040x820x40; Custom Door Size: Min 1990x805x40 - Max 2400x1200x40,,,,820,2040,40,,,,,,,,,,,,,BAL19 / BAL29,ea,,,"{""source_pages"": ""41""}",,104,pending_review,,,
BAL19 & 29 Doors,,,BFR4,BFR4,BFR4,Standard Door Size: 2040x820x40,,,,820,2040,40,,,,,,,,,,,,,BAL19 / BAL29,ea,,,"{""source_pages"": ""41""}",,105,pending_review,,,
BAL19 & 29 Doors,,,BFR12,BFR12,BFR12,Standard Door Size: 2040x820x40,,,,820,2040,40,,,,,,,,,,,,,BAL19 / BAL29,ea,,,"{""source_pages"": ""41""}",,106,pending_review,,,
BAL19 & 29 Doors,,,BFR13,BFR13,BFR13,Standard Door Size: 2040x820x40,,,,820,2040,40,,,,,,,,,,,,,BAL19 / BAL29,ea,,,"{""source_pages"": ""41""}",,107,pending_review,,,
BAL19 & 29 Doors,,,BFR14,BFR14,BFR14,Standard Door Size: 2040x820x40,,,,820,2040,40,,,,,,,,,,,,,BAL19 / BAL29,ea,,,"{""source_pages"": ""41""}",,108,pending_review,,,
BAL19 & 29 Doors,,,BFR15,BFR15,BFR15,Standard Door Size: 2040x820x40,,,,820,2040,40,,,,,,,,,,,,,BAL19 / BAL29,ea,,,"{""source_pages"": ""41""}",,109,pending_review,,,
BAL19 & 29 Doors,,,BFR20,BFR20,BFR20,Standard Door Size: 2040x820x40,,,,820,2040,40,,,,,,,,,,,,,BAL19 / BAL29,ea,,,"{""source_pages"": ""41""}",,110,pending_review,,,
BAL19 & 29 Doors,,,BFR30,BFR30,BFR30,Standard Door Size: 2040x820x40,,,,820,2040,40,,,,,,,,,,,,,BAL19 / BAL29,ea,,,"{""source_pages"": ""41""}",,111,pending_review,,,
BAL19 & 29 Doors,,,BFR44,BFR44,BFR44,Standard Door Size: 2040x820x40,,,,820,2040,40,,,,,,,,,,,,,BAL19 / BAL29,ea,,,"{""source_pages"": ""41""}",,112,pending_review,,,
BAL19 & 29 Doors,,,BFR66,BFR66,BFR66,Standard Door Size: 2040x820x40,,,,820,2040,40,,,,,,,,,,,,,BAL19 / BAL29,ea,,,"{""source_pages"": ""41""}",,113,pending_review,,,
BAL40 Doors,,,BFR400,BFR400,BFR400,Standard Door Size: 2040x820x45; Custom Door Size: Min 1990x805x45 - Max 2340x1200x45; Standard Sidelite Size (BFR409): 2040x400x45; Custom Sidelite Size: Min 1990x330x45 - Max 2340x500x45,,,,820,2040,45,,,,,,,,,,,,,BAL40,ea,,,"{""source_pages"": ""42""}",,114,pending_review,,,
BAL40 Doors,,,BFR401,BFR401,BFR401,Standard Door Size: 2040x820x45,,,,820,2040,45,,,,,,,,,,,,,BAL40,ea,,,"{""source_pages"": ""42""}",,115,pending_review,,,
BAL40 Doors,,,BFR405,BFR405,BFR405,Standard Door Size: 2040x820x45,,,,820,2040,45,,,,,,,,,,,,,BAL40,ea,,,"{""source_pages"": ""42""}",,116,pending_review,,,
BAL40 Doors,,,BFR407,BFR407,BFR407,Standard Door Size: 2040x820x45,,,,820,2040,45,,,,,,,,,,,,,BAL40,ea,,,"{""source_pages"": ""42""}",,117,pending_review,,,
BAL40 Doors,,,BFR409,BFR409,BFR409,Standard Sidelite Size: 2040x400x45,,,,400,2040,45,,,,,,,,,,,,,BAL40,ea,,,"{""source_pages"": ""42""}",,118,pending_review,,,
BAL40 Doors,,,BFR4013,BFR4013,BFR4013,Standard Door Size: 2040x820x45,,,,820,2040,45,,,,,,,,,,,,,BAL40,ea,,,"{""source_pages"": ""42""}",,119,pending_review,,,
BAL40 Doors,,,BFR4017,BFR4017,BFR4017,Standard Door Size: 2040x820x45,,,,820,2040,45,,,,,,,,,,,,,BAL40,ea,,,"{""source_pages"": ""42""}",,120,pending_review,,,
BAL40 Doors,,,BFR4018,BFR4018,BFR4018,Standard Door Size: 2040x820x45,,,,820,2040,45,,,,,,,,,,,,,BAL40,ea,,,"{""source_pages"": ""42""}",,121,pending_review,,,
BAL40 Doors,,,BFR4019,BFR4019,BFR4019,Standard Door Size: 2040x820x45,,,,820,2040,45,,,,,,,,,,,,,BAL40,ea,,,"{""source_pages"": ""42""}",,122,pending_review,,,
BAL40 Doors,,,BFR4020,BFR4020,BFR4020,Standard Door Size: 2040x820x45,,,,820,2040,45,,,,,,,,,,,,,BAL40,ea,,,"{""source_pages"": ""42""}",,123,pending_review,,,
BAL40 Doors,,,BFR4021,BFR4021,BFR4021,Standard Door Size: 2040x820x45,,,,820,2040,45,,,,,,,,,,,,,BAL40,ea,,,"{""source_pages"": ""42""}",,124,pending_review,,,
BAL40 Doors,,,BFR4022,BFR4022,BFR4022,Standard Door Size: 2040x820x45,,,,820,2040,45,,,,,,,,,,,,,BAL40,ea,,,"{""source_pages"": ""42""}",,125,pending_review,,,
BAL40 Doors,,,BFR4023,BFR4023,BFR4023,Standard Door Size: 2040x820x45,,,,820,2040,45,,,,,,,,,,,,,BAL40,ea,,,"{""source_pages"": ""42""}",,126,pending_review,,,
BAL40 Doors,,,BFR4024,BFR4024,BFR4024,Standard Door Size: 2040x820x45,,,,820,2040,45,,,,,,,,,,,,,BAL40,ea,,,"{""source_pages"": ""42""}",,127,pending_review,,,
BAL40 Doors,,,BFR4025,BFR4025,BFR4025,Standard Door Size: 2040x820x45,,,,820,2040,45,,,,,,,,,,,,,BAL40,ea,,,"{""source_pages"": ""42""}",,128,pending_review,,,
BAL40 Doors,,,BFR4026,BFR4026,BFR4026,Standard Door Size: 2040x820x45,,,,820,2040,45,,,,,,,,,,,,,BAL40,ea,,,"{""source_pages"": ""42""}",,129,pending_review,,,
Frontier Standard Barn Doors,,,FBDS1,FBDS1,FBDS1,Standard Door Size: 2150x1000x35,,,,1000,2150,35,,,,,,,,,,,,,,ea,,,"{""source_pages"": ""46""}",,130,pending_review,,,
Frontier Standard Barn Doors,,,FBDS2,FBDS2,FBDS2,Standard Door Size: 2150x1000x35,,,,1000,2150,35,,,,,,,,,,,,,,ea,,,"{""source_pages"": ""46""}",,131,pending_review,,,
Frontier Standard Barn Doors,,,FBDS3,FBDS3,FBDS3,Standard Door Size: 2150x1000x35,,,,1000,2150,35,,,,,,,,,,,,,,ea,,,"{""source_pages"": ""46""}",,132,pending_review,,,
Frontier Standard Barn Doors,,,FBDS4,FBDS4,FBDS4,Standard Door Size: 2150x1000x35,,,,1000,2150,35,,,,,,,,,,,,,,ea,,,"{""source_pages"": ""46""}",,133,pending_review,,,
Frontier Standard Barn Doors,,,FBDS5,FBDS5,FBDS5,Standard Door Size: 2150x1000x35,,,,1000,2150,35,,,,,,,,,,,,,,ea,,,"{""source_pages"": ""46""}",,134,pending_review,,,
Frontier Ultimate Barn Doors,,,FBDU1,FBDU1,FBDU1,Standard Door Size: 2150x1000x35,,,,1000,2150,35,,,,,,,,,,,,,,ea,,,"{""source_pages"": ""47""}",,135,pending_review,,,
Frontier Ultimate Barn Doors,,,FBDU2,FBDU2,FBDU2,Standard Door Size: 2150x1000x35,,,,1000,2150,35,,,,,,,,,,,,,,ea,,,"{""source_pages"": ""47""}",,136,pending_review,,,
Frontier Ultimate Barn Doors,,,FBDU3,FBDU3,FBDU3,Standard Door Size: 2150x1000x35,,,,1000,2150,35,,,,,,,,,,,,,,ea,,,"{""source_pages"": ""47""}",,137,pending_review,,,
Frontier Ultimate Barn Doors,,,FBDU4,FBDU4,FBDU4,Standard Door Size: 2150x1000x35,,,,1000,2150,35,,,,,,,,,,,,,,ea,,,"{""source_pages"": ""47""}",,138,pending_review,,,
Frontier Ultimate Barn Doors,,,FBDU5,FBDU5,FBDU5,Standard Door Size: 2150x1000x35,,,,1000,2150,35,,,,,,,,,,,,,,ea,,,"{""source_pages"": ""47""}",,139,pending_review,,,
Frontier Ultimate Barn Doors,,,FBDU7,FBDU7,FBDU7,Standard Door Size: 2150x1000x35,,,,1000,2150,35,,,,,,,,,,,,,,ea,,,"{""source_pages"": ""47""}",,140,pending_review,,,
Luxe,,,LUX1,LUX1,LUX1,"Standard Door Size: 2040x720/770/820x35, 2340x720/770/820x35; Custom Door Size: Min 1990x620x35 - Max 2400x1200x35",,,,,,,,,,,,,,,,,,,,ea,,,"{""source_pages"": ""48-49""}",,141,pending_review,,,
Luxe,,,LUX3,LUX3,LUX3,"Standard Door Size: 2040x720/770/820x35, 2340x720/770/820x35",,,,,,,,,,,,,,,,,,,,,ea,,,"{""source_pages"": ""48-49""}",,142,pending_review,,,
Luxe,,,LUX4,LUX4,LUX4,"Standard Door Size: 2040x720/770/820x35, 2340x720/770/820x35",,,,,,,,,,,,,,,,,,,,,ea,,,"{""source_pages"": ""48-49""}",,143,pending_review,,,
Luxe,,,LUX8,LUX8,LUX8,"Standard Door Size: 2040x720/770/820x35, 2340x720/770/820x35",,,,,,,,,,,,,,,,,,,,,ea,,,"{""source_pages"": ""48-49""}",,144,pending_review,,,
Luxe,,,LUX9,LUX9,LUX9,"Standard Door Size: 2040x720/770/820x35, 2340x720/770/820x35",,,,,,,,,,,,,,,,,,,,,ea,,,"{""source_pages"": ""48-49""}",,145,pending_review,,,
Luxe,,,LUX10,LUX10,LUX10,"Standard Door Size: 2040x720/770/820x35, 2340x720/770/820x35",,,,,,,,,,,,,,,,,,,,,ea,,,"{""source_pages"": ""48-49""}",,146,pending_review,,,
Hampton,,,HAM1,HAM1,HAM1,"Standard Door Size: 2040x520/620/720/770/820x35, 2340x520/620/720/770/820x35; Custom Door Size: Min 1990x400x35 - Max 2400x1200x35",,,,,,,,,,,,,,,,,,,,ea,,,"{""source_pages"": ""50-51""}",,147,pending_review,,,
Hampton,,,HAM2,HAM2,HAM2,"Standard Door Size: 2040x520/620/720/770/820x35, 2340x520/620/720/770/820x35",,,,,,,,,,,,,,,,,,,,,ea,,,"{""source_pages"": ""50-51""}",,148,pending_review,,,
Hampton,,,HAM4,HAM4,HAM4,"Standard Door Size: 2040x520/620/720/770/820x35, 2340x520/620/720/770/820x35",,,,,,,,,,,,,,,,,,,,,ea,,,"{""source_pages"": ""50-51""}",,149,pending_review,,,
Hampton,,,HAM5,HAM5,HAM5,"Standard Door Size: 2040x520/620/720/770/820x35, 2340x520/620/720/770/820x35",,,,,,,,,,,,,,,,,,,,,ea,,,"{""source_pages"": ""50-51""}",,150,pending_review,,,
Hampton,,,HAM7,HAM7,HAM7,"Standard Door Size: 2040x520/620/720/770/820x35, 2340x520/620/720/770/820x35",,,,,,,,,,,,,,,,,,,,,ea,,,"{""source_pages"": ""50-51""}",,151,pending_review,,,
Hampton,,,HAM10,HAM10,HAM10,"Standard Door Size: 2040x520/620/720/770/820x35, 2340x520/620/720/770/820x35",,,,,,,,,,,,,,,,,,,,,ea,,,"{""source_pages"": ""50-51""}",,152,pending_review,,,
Bayview,,,BAY22,BAY22,BAY22,"Standard Door Size: 2040x620/720/770/820x35, 2340x620/720/770/820x35; Custom Door Size: Min 1990x610x35 - Max 2400x1200x35",,,,,,,,,,,,,,,,,,,,ea,,,"{""source_pages"": ""52-53""}",,153,pending_review,,,
Bayview,,,BAY44,BAY44,BAY44,"Standard Door Size: 2040x620/720/770/820x35, 2340x620/720/770/820x35",,,,,,,,,,,,,,,,,,,,,ea,,,"{""source_pages"": ""52-53""}",,154,pending_review,,,
Bayview,,,BAY50,BAY50,BAY50,"Standard Door Size: 2040x620/720/770/820x35, 2340x620/720/770/820x35",,,,,,,,,,,,,,,,,,,,,ea,,,"{""source_pages"": ""52-53""}",,155,pending_review,,,
Bayview,,,BAY66,BAY66,BAY66,"Standard Door Size: 2040x620/720/770/820x35, 2340x620/720/770/820x35",,,,,,,,,,,,,,,,,,,,,ea,,,"{""source_pages"": ""52-53""}",,156,pending_review,,,
Bayview,,,BAY88,BAY88,BAY88,"Standard Door Size: 2040x620/720/770/820x35, 2340x620/720/770/820x35",,,,,,,,,,,,,,,,,,,,,ea,,,"{""source_pages"": ""52-53""}",,157,pending_review,,,
Bayview,,,BAY99,BAY99,BAY99,"Standard Door Size: 2040x620/720/770/820x35, 2340x620/720/770/820x35",,,,,,,,,,,,,,,,,,,,,ea,,,"{""source_pages"": ""52-53""}",,158,pending_review,,,
Bayview,,,BAY100,BAY100,BAY100,"Standard Door Size: 2040x620/720/770/820x35, 2340x620/720/770/820x35",,,,,,,,,,,,,,,,,,,,,ea,,,"{""source_pages"": ""52-53""}",,159,pending_review,,,
Allure,,,ALL2,ALL2,ALL2,"Standard Door Size: 2040x620/720/770/820x35, 2340x620/720/770/820x35; Custom Door Size: Min 1990x610x35 - Max 2400x1200x35",,,,,,,,,,,,,,,,,,,,ea,,,"{""source_pages"": ""54-55""}",,160,pending_review,,,
Allure,,,ALL3,ALL3,ALL3,"Standard Door Size: 2040x620/720/770/820x35, 2340x620/720/770/820x35",,,,,,,,,,,,,,,,,,,,,ea,,,"{""source_pages"": ""54-55""}",,161,pending_review,,,
Allure,,,ALL4,ALL4,ALL4,"Standard Door Size: 2040x620/720/770/820x35, 2340x620/720/770/820x35",,,,,,,,,,,,,,,,,,,,,ea,,,"{""source_pages"": ""54-55""}",,162,pending_review,,,
Allure,,,ALL6,ALL6,ALL6,"Standard Door Size: 2040x620/720/770/820x35, 2340x620/720/770/820x35",,,,,,,,,,,,,,,,,,,,,ea,,,"{""source_pages"": ""54-55""}",,163,pending_review,,,
Allure,,,ALL9,ALL9,ALL9,"Standard Door Size: 2040x620/720/770/820x35, 2340x620/720/770/820x35",,,,,,,,,,,,,,,,,,,,,ea,,,"{""source_pages"": ""54-55""}",,164,pending_review,,,
Allure,,,ALL33,ALL33,ALL33,"Standard Door Size: 2040x620/720/770/820x35, 2340x620/720/770/820x35",,,,,,,,,,,,,,,,,,,,,ea,,,"{""source_pages"": ""54-55""}",,165,pending_review,,,
Allure,,,ALL99,ALL99,ALL99,"Standard Door Size: 2040x620/720/770/820x35, 2340x620/720/770/820x35",,,,,,,,,,,,,,,,,,,,,ea,,,"{""source_pages"": ""54-55""}",,166,pending_review,,,
Humecraft,,,HMC1,HMC1,HMC1,"Standard Door Size: 2040x520/620/720/770/820x35, 2340x520/620/720/770/820x35; Custom Door Size: Min 1990x410x35 - Max 2400x1200x35",,,,,,,,,,,,,,,,,,,,ea,,,"{""source_pages"": ""56-57""}",,167,pending_review,,,
Humecraft,,,HMC2,HMC2,HMC2,"Standard Door Size: 2040x520/620/720/770/820x35, 2340x520/620/720/770/820x35",,,,,,,,,,,,,,,,,,,,,ea,,,"{""source_pages"": ""56-57""}",,168,pending_review,,,
Humecraft,,,HMC2G,HMC2G,HMC2G,"Standard Door Size: 2040x520/620/720/770/820x35, 2340x520/620/720/770/820x35",,,,,,,,,,,,,,,,,,,,,ea,,,"{""source_pages"": ""56-57""}",,169,pending_review,,,
Humecraft,,,HMC4,HMC4,HMC4,"Standard Door Size: 2040x520/620/720/770/820x35, 2340x520/620/720/770/820x35",,,,,,,,,,,,,,,,,,,,,ea,,,"{""source_pages"": ""56-57""}",,170,pending_review,,,
Humecraft,,,HMC7,HMC7,HMC7,"Standard Door Size: 2040x520/620/720/770/820x35, 2340x520/620/720/770/820x35",,,,,,,,,,,,,,,,,,,,,ea,,,"{""source_pages"": ""56-57""}",,171,pending_review,,,
Humecraft,,,HMC7G,HMC7G,HMC7G,"Standard Door Size: 2040x520/620/720/770/820x35, 2340x520/620/720/770/820x35",,,,,,,,,,,,,,,,,,,,,ea,,,"{""source_pages"": ""56-57""}",,172,pending_review,,,
Humecraft,,,HMC8,HMC8,HMC8,"Standard Door Size: 2040x520/620/720/770/820x35, 2340x520/620/720/770/820x35",,,,,,,,,,,,,,,,,,,,,ea,,,"{""source_pages"": ""56-57""}",,173,pending_review,,,
Humecraft,,,HMC10,HMC10,HMC10,"Standard Door Size: 2040x520/620/720/770/820x35, 2340x520/620/720/770/820x35",,,,,,,,,,,,,,,,,,,,,ea,,,"{""source_pages"": ""56-57""}",,174,pending_review,,,
Humecraft,,,HMC11,HMC11,HMC11,"Standard Door Size: 2040x520/620/720/770/820x35, 2340x520/620/720/770/820x35",,,,,,,,,,,,,,,,,,,,,ea,,,"{""source_pages"": ""56-57""}",,175,pending_review,,,
Sorrento,,,SOR1,SOR1,SOR1,"Standard Door Size: 2040x520/620/720/770/820x35, 2340x520/620/720/770/820x35; Custom Door Size: Min 1990x410x35 - Max 2400x1200x35",,,,,,,,,,,,,,,,,,,,ea,,,"{""source_pages"": ""58-59""}",,176,pending_review,,,
Sorrento,,,SOR2,SOR2,SOR2,"Standard Door Size: 2040x520/620/720/770/820x35, 2340x520/620/720/770/820x35",,,,,,,,,,,,,,,,,,,,,ea,,,"{""source_pages"": ""58-59""}",,177,pending_review,,,
Sorrento,,,SOR5,SOR5,SOR5,"Standard Door Size: 2040x520/620/720/770/820x35, 2340x520/620/720/770/820x35",,,,,,,,,,,,,,,,,,,,,ea,,,"{""source_pages"": ""58-59""}",,178,pending_review,,,
Sorrento,,,SOR6,SOR6,SOR6,"Standard Door Size: 2040x520/620/720/770/820x35, 2340x520/620/720/770/820x35",,,,,,,,,,,,,,,,,,,,,ea,,,"{""source_pages"": ""58-59""}",,179,pending_review,,,
Sorrento,,,SOR8,SOR8,SOR8,"Standard Door Size: 2040x520/620/720/770/820x35, 2340x520/620/720/770/820x35",,,,,,,,,,,,,,,,,,,,,ea,,,"{""source_pages"": ""58-59""}",,180,pending_review,,,
Sorrento,,,SOR11,SOR11,SOR11,"Standard Door Size: 2040x520/620/720/770/820x35, 2340x520/620/720/770/820x35",,,,,,,,,,,,,,,,,,,,,ea,,,"{""source_pages"": ""58-59""}",,181,pending_review,,,
Sorrento,,,SOR12,SOR12,SOR12,"Standard Door Size: 2040x520/620/720/770/820x35, 2340x520/620/720/770/820x35",,,,,,,,,,,,,,,,,,,,,ea,,,"{""source_pages"": ""58-59""}",,182,pending_review,,,
Sorrento,,,SOR22,SOR22,SOR22,"Standard Door Size: 2040x520/620/720/770/820x35, 2340x520/620/720/770/820x35",,,,,,,,,,,,,,,,,,,,,ea,,,"{""source_pages"": ""58-59""}",,183,pending_review,,,
Joinery Internal,,,LIN1,LIN1,LIN1,"Standard Door Size: 2040x620/720/770/820x35; Custom Door Size: Min 1990x400x35 - Max 2400x1200x35",,,,,,,,,,,,,,,,,,,,ea,,,"{""source_pages"": ""60-61""}",,184,pending_review,,,
Joinery Internal,,,LIN2,LIN2,LIN2,"Standard Door Size: 2040x720/770/820x35",,,,,,,,,,,,,,,,,,,,ea,,,"{""source_pages"": ""60-61""}",,185,pending_review,,,
Joinery Internal,,,LIN10,LIN10,LIN10,"Standard Door Size: 2040x620/720/770/820x35",,,,,,,,,,,,,,,,,,,,ea,,,"{""source_pages"": ""60-61""}",,186,pending_review,,,
Linear Internal,,,HLR210,HLR210,HLR210,"Standard Door Size: 2040x620/720/770/820x35, 2340x720/770/820x35; Custom Door Size: Min 1990x410x35 - Max 2400x1200x35",,,,,,,,,,,,,,,,,,,,ea,,,"{""source_pages"": ""62-63""}",,187,pending_review,,,
Linear Internal,,,HLR230,HLR230,HLR230,"Standard Door Size: 2040x520/620/720/770/820x35, 2340x520/620/720/770/820x35",,,,,,,,,,,,,,,,,,,,,ea,,,"{""source_pages"": ""62-63""}",,188,pending_review,,,
Linear Internal,,,HLR240,HLR240,HLR240,"Standard Door Size: 2040x520/620/720/770/820x35, 2340x520/620/720/770/820x35",,,,,,,,,,,,,,,,,,,,,ea,,,"{""source_pages"": ""62-63""}",,189,pending_review,,,
Linear Internal,,,HLR250,HLR250,HLR250,"Standard Door Size: 2040x520/620/720/770/820x35, 2340x520/620/720/770/820x35",,,,,,,,,,,,,,,,,,,,,ea,,,"{""source_pages"": ""62-63""}",,190,pending_review,,,
Linear Internal,,,HLR270,HLR270,HLR270,"Standard Door Size: 2040x520/620/720/770/820x35, 2340x520/620/720/770/820x35",,,,,,,,,,,,,,,,,,,,,ea,,,"{""source_pages"": ""62-63""}",,191,pending_review,,,
Linear Internal,,,HLR500,HLR500,HLR500,"Standard Door Size: 2040x520/620/720/770/820x35, 2340x520/620/720/770/820x35",,,,,,,,,,,,,,,,,,,,,ea,,,"{""source_pages"": ""62-63""}",,192,pending_review,,,
Linear Internal,,,HLR510,HLR510,HLR510,"Standard Door Size: 2040x520/620/720/770/820x35, 2340x520/620/720/770/820x35",,,,,,,,,,,,,,,,,,,,,ea,,,"{""source_pages"": ""62-63""}",,193,pending_review,,,
Linear Internal,,,HLR600,HLR600,HLR600,"Standard Door Size: 2040x520/620/720/770/820x35, 2340x520/620/720/770/820x35",,,,,,,,,,,,,,,,,,,,,ea,,,"{""source_pages"": ""62-63""}",,194,pending_review,,,
Linear Internal,,,HLR610,HLR610,HLR610,"Standard Door Size: 2040x520/620/720/770/820x35, 2340x520/620/720/770/820x35",,,,,,,,,,,,,,,,,,,,,ea,,,"{""source_pages"": ""62-63""}",,195,pending_review,,,
Accent,,,HAG9,HAG9,HAG9,"Standard Door Size: 2040x410/420/460/520/620/720/770/820x35, 2340x520/620/720/770/820x35; Custom Door Size: Min 1900x400x35 - Max 2400x1200x35",,,,,,,,,,,,,,,,,,,,ea,,,"{""source_pages"": ""64-65""}",,196,pending_review,,,
Accent,,,PRE9,PRE9,PRE9,"Standard Door Size: 2040x410/420/460/520/620/720/770/820x35, 2340x520/620/720/770/820x35",,,,,,,,,,,,,,,,,,,,,ea,,,"{""source_pages"": ""64-65""}",,197,pending_review,,,
Accent,,,HAG11,HAG11,HAG11,"Standard Door Size: 2040x410/420/460/520/620/720/770/820x35, 2340x520/620/720/770/820x35",,,,,,,,,,,,,,,,,,,,,ea,,,"{""source_pages"": ""64-65""}",,198,pending_review,,,
Accent,,,PRE11,PRE11,PRE11,"Standard Door Size: 2040x410/420/460/520/620/720/770/820x35, 2340x520/620/720/770/820x35",,,,,,,,,,,,,,,,,,,,,ea,,,"{""source_pages"": ""64-65""}",,199,pending_review,,,
Accent,,,HAG12,HAG12,HAG12,"Standard Door Size: 2040x410/420/460/520/620/720/770/820x35, 2340x520/620/720/770/820x35",,,,,,,,,,,,,,,,,,,,,ea,,,"{""source_pages"": ""64-65""}",,200,pending_review,,,
Accent,,,PRE12,PRE12,PRE12,"Standard Door Size: 2040x410/420/460/520/620/720/770/820x35, 2340x520/620/720/770/820x35",,,,,,,,,,,,,,,,,,,,,ea,,,"{""source_pages"": ""64-65""}",,201,pending_review,,,
Accent,,,HAG6,HAG6,HAG6,"Standard Door Size: 2040x410/420/460/520/620/720/770/820x35, 2340x520/620/720/770/820x35",,,,,,,,,,,,,,,,,,,,,ea,,,"{""source_pages"": ""64-65""}",,202,pending_review,,,
Accent,,,PRE6,PRE6,PRE6,"Standard Door Size: 2040x410/420/460/520/620/720/770/820x35, 2340x520/620/720/770/820x35",,,,,,,,,,,,,,,,,,,,,ea,,,"{""source_pages"": ""64-65""}",,203,pending_review,,,
Accent,,,HAG10,HAG10,HAG10,"Standard Door Size: 2040x410/420/460/520/620/720/770/820x35, 2340x520/620/720/770/820x35",,,,,,,,,,,,,,,,,,,,,ea,,,"{""source_pages"": ""64-65""}",,204,pending_review,,,
Accent,,,PRE10,PRE10,PRE10,"Standard Door Size: 2040x410/420/460/520/620/720/770/820x35, 2340x520/620/720/770/820x35",,,,,,,,,,,,,,,,,,,,,ea,,,"{""source_pages"": ""64-65""}",,205,pending_review,,,
Accent,,,HA4,HA4,HA4,"Standard Door Size: 2040x410/420/460/520/620/720/770/820x35, 2340x520/620/720/770/820x35",,,,,,,,,,,,,,,,,,,,,ea,,,"{""source_pages"": ""64-65""}",,206,pending_review,,,
Accent,,,PRE4,PRE4,PRE4,"Standard Door Size: 2040x410/420/460/520/620/720/770/820x35, 2340x520/620/720/770/820x35",,,,,,,,,,,,,,,,,,,,,ea,,,"{""source_pages"": ""64-65""}",,207,pending_review,,,
Accent,,,HA40,HA40,HA40,"Standard Door Size: 2040x410/420/460/520/620/720/770/820x35, 2340x520/620/720/770/820x35",,,,,,,,,,,,,,,,,,,,,ea,,,"{""source_pages"": ""64-65""}",,208,pending_review,,,
Accent,,,PRE40,PRE40,PRE40,"Standard Door Size: 2040x410/420/460/520/620/720/770/820x35, 2340x520/620/720/770/820x35",,,,,,,,,,,,,,,,,,,,,ea,,,"{""source_pages"": ""64-65""}",,209,pending_review,,,
Accent,,,HA5,HA5,HA5,"Standard Door Size: 2040x410/420/460/520/620/720/770/820x35, 2340x520/620/720/770/820x35",,,,,,,,,,,,,,,,,,,,,ea,,,"{""source_pages"": ""64-65""}",,210,pending_review,,,
Accent,,,PRE5,PRE5,PRE5,"Standard Door Size: 2040x410/420/460/520/620/720/770/820x35, 2340x520/620/720/770/820x35",,,,,,,,,,,,,,,,,,,,,ea,,,"{""source_pages"": ""64-65""}",,211,pending_review,,,
Strata,,,HST1,HST1,HST1,"Standard Door Size: 2040x520/620/720/770/820x35, 2340x520/620/720/770/820x35; Custom Door Size: Min 1990x330x35 - Max 2340x920x35",,,,,,,,,,,,,,,,,,,,ea,,,"{""source_pages"": ""66-67""}",,212,pending_review,,,
Strata,,,HST4,HST4,HST4,"Standard Door Size: 2040x520/620/720/770/820x35, 2340x520/620/720/770/820x35",,,,,,,,,,,,,,,,,,,,,ea,,,"{""source_pages"": ""66-67""}",,213,pending_review,,,
Strata,,,HST5,HST5,HST5,"Standard Door Size: 2040x520/620/720/770/820x35, 2340x520/620/720/770/820x35",,,,,,,,,,,,,,,,,,,,,ea,,,"{""source_pages"": ""66-67""}",,214,pending_review,,,
Strata,,,HST1M,HST1M,HST1M,"Standard Door Size: 2040x520/620/720/770/820x35, 2340x520/620/720/770/820x35",,,,,,,,,,,,,,,,,,,,,ea,,,"{""source_pages"": ""66-67""}",,215,pending_review,,,
Strata,,,HST4M,HST4M,HST4M,"Standard Door Size: 2040x520/620/720/770/820x35, 2340x520/620/720/770/820x35",,,,,,,,,,,,,,,,,,,,,ea,,,"{""source_pages"": ""66-67""}",,216,pending_review,,,
Strata,,,HST1 (2340mm),HST1 (2340mm),HST1 (2340mm),"Standard Door Size: 2340x520/620/720/770/820x35",,,,,,,,,,,,,,,,,,,,,ea,,,"{""source_pages"": ""66-67""}",,217,pending_review,,,
Moulded Panel Woodgrain,,,OAK,OAK,OAK,"Standard Door Size: 2040x410/420/460/520/620/720/770/820x35",,,,,,,,,,,,,,,,,,,,ea,,,"{""source_pages"": ""68-69""}",,218,pending_review,,,
Moulded Panel Woodgrain,,,OAK-G,OAK-G,OAK-G,"Standard Door Size: 2040x720/770/820x35",,,,,,,,,,,,,,,,,,,,ea,,,"{""source_pages"": ""68-69""}",,219,pending_review,,,
Moulded Panel Woodgrain,,,CAP,CAP,CAP,"Standard Door Size: 2040x410/420/460/520/620/720/770/820x35",,,,,,,,,,,,,,,,,,,,ea,,,"{""source_pages"": ""68-69""}",,220,pending_review,,,
Moulded Panel Smooth Skin,,,ASC,ASC,ASC,"Standard Door Size: 2040x410/420/460/520/620/720/770/820x35, 2340x620/720/770/820x35",,,,,,,,,,,,,,,,,,,,ea,,,"{""source_pages"": ""68-69""}",,221,pending_review,,,
Moulded Panel Smooth Skin,,,ASC-G,ASC-G,ASC-G,"Standard Door Size: 2040x720/770/820x35",,,,,,,,,,,,,,,,,,,,ea,,,"{""source_pages"": ""68-69""}",,222,pending_review,,,
Moulded Panel Smooth Skin,,,ASC (2340MM),ASC (2340MM),ASC (2340MM),"Standard Door Size: 2340x620/720/770/820x35",,,,,,,,,,,,,,,,,,,,ea,,,"{""source_pages"": ""68-69""}",,223,pending_review,,,
Moulded Panel Smooth Skin,,,HAY,HAY,HAY,"Standard Door Size: 2040x410/420/460/520/620/720/770/820x35",,,,,,,,,,,,,,,,,,,,ea,,,"{""source_pages"": ""68-69""}",,224,pending_review,,,
Moulded Panel Smooth Skin,,,HAY-G,HAY-G,HAY-G,"Standard Door Size: 2040x720/770/820x35",,,,,,,,,,,,,,,,,,,,ea,,,"{""source_pages"": ""68-69""}",,225,pending_review,,,
Flush Honeycomb Core,,,H1,H1,H1,Thickness: 35mm; Typical use: Internal,,,,,,,,,,,,,,,,,,,,ea,,,"{""source_pages"": ""70-71""}",,226,pending_review,,,
Flush Honeycomb X1 Core,,,X1,X1,X1,"Thickness: 35/40mm",,,,,,,,,,,,,,,,,,,,,ea,,,"{""source_pages"": ""70-71""}",,227,pending_review,,,
Flush Solicore Core,,,SCX1,SCX1,SCX1,"Thickness: 35/40mm",,,,,,,,,,,,,,,,,,,,,ea,,,"{""source_pages"": ""70-71""}",,228,pending_review,,,
Flush Blockboard Core,,,STPC,STPC,STPC,Core: Solid timber pine core,,,,,,,,,,,,,,,,,,,,ea,,,"{""source_pages"": ""70-71""}",,229,pending_review,,,
Flush Premium 6mm Core,,,SG,SG,SG,Core: Maximum Density Honeycomb Core with 6mm skin,,,,,,,,,,,,,,,,,,,,ea,,,"{""source_pages"": ""70-71""}",,230,pending_review,,,
Smartrobe,,,920mm / 4 doors,920mm / 4 doors,920mm 4 doors,Door Width: 920mm; Number of doors: 4; No finger grips unit size: 3660mm; Stud size: 3665mm; Two finger grips per door unit size: 3870mm; Stud size: 3875mm,,,,,,,,,,,,,,,,,,,,set,,,"{""source_pages"": ""79""}",,231,pending_review,,,
Smartrobe,,,920mm / 3 doors,920mm / 3 doors,920mm 3 doors,Door Width: 920mm; Number of doors: 3; No finger grips unit size: 2760mm; Stud size: 2765mm; Two finger grips per door unit size: 2920mm; Stud size: 2925mm,,,,,,,,,,,,,,,,,,,,set,,,"{""source_pages"": ""79""}",,232,pending_review,,,
Smartrobe,,,920mm / 2 doors,920mm / 2 doors,920mm 2 doors,Door Width: 920mm; Number of doors: 2; No finger grips unit size: 1860mm; Stud size: 1865mm; Two finger grips per door unit size: 1970mm; Stud size: 1975mm,,,,,,,,,,,,,,,,,,,,set,,,"{""source_pages"": ""79""}",,233,pending_review,,,
Smartrobe,,,870mm / 4 doors,870mm / 4 doors,870mm 4 doors,Door Width: 870mm; Number of doors: 4; No finger grips unit size: 3460mm; Stud size: 3465mm; Two finger grips per door unit size: 3670mm; Stud size: 3675mm,,,,,,,,,,,,,,,,,,,,set,,,"{""source_pages"": ""79""}",,234,pending_review,,,
Smartrobe,,,870mm / 3 doors,870mm / 3 doors,870mm 3 doors,Door Width: 870mm; Number of doors: 3; No finger grips unit size: 2610mm; Stud size: 2615mm; Two finger grips per door unit size: 2770mm; Stud size: 2775mm,,,,,,,,,,,,,,,,,,,,set,,,"{""source_pages"": ""79""}",,235,pending_review,,,
Smartrobe,,,870mm / 2 doors,870mm / 2 doors,870mm 2 doors,Door Width: 870mm; Number of doors: 2; No finger grips unit size: 1760mm; Stud size: 1765mm; Two finger grips per door unit size: 1870mm; Stud size: 1875mm,,,,,,,,,,,,,,,,,,,,set,,,"{""source_pages"": ""79""}",,236,pending_review,,,
Smartrobe,,,820mm / 4 doors,820mm / 4 doors,820mm 4 doors,Door Width: 820mm; Number of doors: 4; No finger grips unit size: 3260mm; Stud size: 3265mm; Two finger grips per door unit size: 3470mm; Stud size: 3475mm,,,,,,,,,,,,,,,,,,,,set,,,"{""source_pages"": ""79""}",,237,pending_review,,,
Smartrobe,,,820mm / 3 doors,820mm / 3 doors,820mm 3 doors,Door Width: 820mm; Number of doors: 3; No finger grips unit size: 2460mm; Stud size: 2465mm; Two finger grips per door unit size: 2620mm; Stud size: 2625mm,,,,,,,,,,,,,,,,,,,,set,,,"{""source_pages"": ""79""}",,238,pending_review,,,
Smartrobe,,,820mm / 2 doors,820mm / 2 doors,820mm 2 doors,Door Width: 820mm; Number of doors: 2; No finger grips unit size: 1660mm; Stud size: 1665mm; Two finger grips per door unit size: 1770mm; Stud size: 1775mm,,,,,,,,,,,,,,,,,,,,set,,,"{""source_pages"": ""79""}",,239,pending_review,,,
Smartrobe,,,770mm / 4 doors,770mm / 4 doors,770mm 4 doors,Door Width: 770mm; Number of doors: 4; No finger grips unit size: 3060mm; Stud size: 3065mm; Two finger grips per door unit size: 3270mm; Stud size: 3275mm,,,,,,,,,,,,,,,,,,,,set,,,"{""source_pages"": ""79""}",,240,pending_review,,,
Smartrobe,,,770mm / 3 doors,770mm / 3 doors,770mm 3 doors,Door Width: 770mm; Number of doors: 3; No finger grips unit size: 2310mm; Stud size: 2315mm; Two finger grips per door unit size: 2470mm; Stud size: 2475mm,,,,,,,,,,,,,,,,,,,,set,,,"{""source_pages"": ""79""}",,241,pending_review,,,
Smartrobe,,,770mm / 2 doors,770mm / 2 doors,770mm 2 doors,Door Width: 770mm; Number of doors: 2; No finger grips unit size: 1560mm; Stud size: 1565mm; Two finger grips per door unit size: 1670mm; Stud size: 1675mm,,,,,,,,,,,,,,,,,,,,set,,,"{""source_pages"": ""79""}",,242,pending_review,,,
Smartrobe,,,720mm / 4 doors,720mm / 4 doors,720mm 4 doors,Door Width: 720mm; Number of doors: 4; No finger grips unit size: 2860mm; Stud size: 2865mm; Two finger grips per door unit size: 3070mm; Stud size: 3075mm,,,,,,,,,,,,,,,,,,,,set,,,"{""source_pages"": ""79""}",,243,pending_review,,,
Smartrobe,,,720mm / 3 doors,720mm / 3 doors,720mm 3 doors,Door Width: 720mm; Number of doors: 3; No finger grips unit size: 2160mm; Stud size: 2165mm; Two finger grips per door unit size: 2320mm; Stud size: 2325mm,,,,,,,,,,,,,,,,,,,,set,,,"{""source_pages"": ""79""}",,244,pending_review,,,
Smartrobe,,,720mm / 2 doors,720mm / 2 doors,720mm 2 doors,Door Width: 720mm; Number of doors: 2; No finger grips unit size: 1460mm; Stud size: 1465mm; Two finger grips per door unit size: 1570mm; Stud size: 1575mm,,,,,,,,,,,,,,,,,,,,set,,,"{""source_pages"": ""79""}",,245,pending_review,,,
Smartrobe,,,620mm / 4 doors,620mm / 4 doors,620mm 4 doors,Door Width: 620mm; Number of doors: 4; No finger grips unit size: 2460mm; Stud size: 2465mm; Two finger grips per door unit size: 2670mm; Stud size: 2675mm,,,,,,,,,,,,,,,,,,,,set,,,"{""source_pages"": ""79""}",,246,pending_review,,,
Smartrobe,,,620mm / 3 doors,620mm / 3 doors,620mm 3 doors,Door Width: 620mm; Number of doors: 3; No finger grips unit size: 1860mm; Stud size: 1865mm; Two finger grips per door unit size: 2020mm; Stud size: 2025mm,,,,,,,,,,,,,,,,,,,,set,,,"{""source_pages"": ""79""}",,247,pending_review,,,
Smartrobe,,,620mm / 2 doors,620mm / 2 doors,620mm 2 doors,Door Width: 620mm; Number of doors: 2; No finger grips unit size: 1260mm; Stud size: 1265mm; Two finger grips per door unit size: 1370mm; Stud size: 1375mm,,,,,,,,,,,,,,,,,,,,set,,,"{""source_pages"": ""79""}",,248,pending_review,,,
Smartrobe,,,520mm / 4 doors,520mm / 4 doors,520mm 4 doors,Door Width: 520mm; Number of doors: 4; No finger grips unit size: 2060mm; Stud size: 2065mm; Two finger grips per door unit size: 2270mm; Stud size: 2275mm,,,,,,,,,,,,,,,,,,,,set,,,"{""source_pages"": ""79""}",,249,pending_review,,,
Smartrobe,,,520mm / 3 doors,520mm / 3 doors,520mm 3 doors,Door Width: 520mm; Number of doors: 3; No finger grips unit size: 1560mm; Stud size: 1565mm; Two finger grips per door unit size: 1720mm; Stud size: 1725mm,,,,,,,,,,,,,,,,,,,,set,,,"{""source_pages"": ""79""}",,250,pending_review,,,
Smartrobe,,,520mm / 2 doors,520mm / 2 doors,520mm 2 doors,Door Width: 520mm; Number of doors: 2; No finger grips unit size: 1060mm; Stud size: 1065mm; Two finger grips per door unit size: 1170mm; Stud size: 1175mm,,,,,,,,,,,,,,,,,,,,set,,,"{""source_pages"": ""79""}",,251,pending_review,,,
Bi-Fold,,,BF29,BF29,BF29,2 Leaf Set or 4 Leaf Set,,,,,,,,,,,,,,,,,,,,ea,,,"{""source_pages"": ""80-81""}",,252,pending_review,,,
Bi-Fold,,,BF30,BF30,BF30,2 Leaf Set or 4 Leaf Set,,,,,,,,,,,,,,,,,,,,ea,,,"{""source_pages"": ""80-81""}",,253,pending_review,,,
Bi-Fold,,,BF35,BF35,BF35,2 Leaf Set or 4 Leaf Set,,,,,,,,,,,,,,,,,,,,ea,,,"{""source_pages"": ""80-81""}",,254,pending_review,,,
Bi-Fold,,,BF27,BF27,BF27,2 Leaf Set or 4 Leaf Set,,,,,,,,,,,,,,,,,,,,ea,,,"{""source_pages"": ""80-81""}",,255,pending_review,,,
Bi-Fold,,,BF28,BF28,BF28,2 Leaf Set or 4 Leaf Set,,,,,,,,,,,,,,,,,,,,ea,,,"{""source_pages"": ""80-81""}",,256,pending_review,,,
Bi-Fold,,,BF6,BF6,BF6,2 Leaf Set or 4 Leaf Set,,,,,,,,,,,,,,,,,,,,ea,,,"{""source_pages"": ""80-81""}",,257,pending_review,,,
Bi-Fold,,,BF18,BF18,BF18,2 Leaf Set or 4 Leaf Set,,,,,,,,,,,,,,,,,,,,ea,,,"{""source_pages"": ""80-81""}",,258,pending_review,,,
Bi-Fold,,,BF19,BF19,BF19,2 Leaf Set or 4 Leaf Set,,,,,,,,,,,,,,,,,,,,ea,,,"{""source_pages"": ""80-81""}",,259,pending_review,,,
Bi-Fold,,,BF34,BF34,BF34,2 Leaf Set or 4 Leaf Set,,,,,,,,,,,,,,,,,,,,ea,,,"{""source_pages"": ""80-81""}",,260,pending_review,,,
Multi-Fold,,,MF29,MF29,MF29,4 Leaf / 6 Leaf / 8 Leaf Set,,,,,,,,,,,,,,,,,,,,ea,,,"{""source_pages"": ""80-81""}",,261,pending_review,,,
Multi-Fold,,,MF30,MF30,MF30,4 Leaf / 6 Leaf / 8 Leaf Set,,,,,,,,,,,,,,,,,,,,ea,,,"{""source_pages"": ""80-81""}",,262,pending_review,,,
Multi-Fold,,,MF35,MF35,MF35,4 Leaf / 6 Leaf / 8 Leaf Set,,,,,,,,,,,,,,,,,,,,ea,,,"{""source_pages"": ""80-81""}",,263,pending_review,,,
Multi-Fold,,,MF27,MF27,MF27,4 Leaf / 6 Leaf / 8 Leaf Set,,,,,,,,,,,,,,,,,,,,ea,,,"{""source_pages"": ""80-81""}",,264,pending_review,,,
Multi-Fold,,,MF28,MF28,MF28,4 Leaf / 6 Leaf / 8 Leaf Set,,,,,,,,,,,,,,,,,,,,ea,,,"{""source_pages"": ""80-81""}",,265,pending_review,,,
Multi-Fold,,,MF6,MF6,MF6,4 Leaf / 6 Leaf / 8 Leaf Set,,,,,,,,,,,,,,,,,,,,ea,,,"{""source_pages"": ""80-81""}",,266,pending_review,,,
Multi-Fold,,,MF18,MF18,MF18,4 Leaf / 6 Leaf / 8 Leaf Set,,,,,,,,,,,,,,,,,,,,ea,,,"{""source_pages"": ""80-81""}",,267,pending_review,,,
Multi-Fold,,,MF19,MF19,MF19,4 Leaf / 6 Leaf / 8 Leaf Set,,,,,,,,,,,,,,,,,,,,ea,,,"{""source_pages"": ""80-81""}",,268,pending_review,,,
Multi-Fold,,,MF34,MF34,MF34,4 Leaf / 6 Leaf / 8 Leaf Set,,,,,,,,,,,,,,,,,,,,ea,,,"{""source_pages"": ""80-81""}",,269,pending_review,,,
Prehung,,,Single Door Jamb Set,Single Door Jamb Set,Single Door Jamb Set,Suits any Internal Door; can be supplied 870mm or wider,,,,,,,,,,,,,,,,,,,,ea,,,"{""source_pages"": ""82""}",,270,pending_review,,,
Prehung,,,Double Door Jamb Set,Double Door Jamb Set,Double Door Jamb Set,Suits any Internal Door,,,,,,,,,,,,,,,,,,,,ea,,,"{""source_pages"": ""82""}",,271,pending_review,,,
Prehung,,,Three Door Jamb Set,Three Door Jamb Set,Three Door Jamb Set,Suits any Internal Door,,,,,,,,,,,,,,,,,,,,ea,,,"{""source_pages"": ""82""}",,272,pending_review,,,
Prehung,,,Four Door Jamb Set,Four Door Jamb Set,Four Door Jamb Set,Suits any Internal Door,,,,,,,,,,,,,,,,,,,,ea,,,"{""source_pages"": ""82""}",,273,pending_review,,,
Timber Mouldings Profiles,,,SILKTRIM®,SILKTRIM®,SILKTRIM®,Timber catalogues and timber profiles referenced by QR code,,,,,,,,,,,,,,,,,,,,ea,,,"{""source_pages"": ""83""}",,274,pending_review,,,
Timber Mouldings Profiles,,,Pinetrim Plus® - Primed,Pinetrim Plus® - Primed,Pinetrim Plus® - Primed,Timber catalogues and timber profiles referenced by QR code,,,,,,,,,,,,,,,,,,,,ea,,,"{""source_pages"": ""83""}",,275,pending_review,,,
Timber Mouldings Profiles,,,Pinetrim XT® H3 L.O.S.P. Primed Treated Pine,Pinetrim XT® H3 L.O.S.P. Primed Treated Pine,Pinetrim XT® H3 L.O.S.P. Primed Treated Pine,Timber catalogues and timber profiles referenced by QR code,,,,,,,,,,,,,,,,,,,,ea,,,"{""source_pages"": ""83""}",,276,pending_review,,,
Timber Mouldings Profiles,,,MERANTI,MERANTI,MERANTI,Timber catalogues and timber profiles referenced by QR code,,,,,,,,,,,,,,,,,,,,ea,,,"{""source_pages"": ""83""}",,277,pending_review,,,
Fire Doors,,,TVC Firecore 1 hour,TVC Firecore 1 hour,TVC Firecore 1 hour,"TVC Firecore; fire rating: 1 hour",,,,,,,,,,,,,,,,,,,1 hour,ea,,,"{""source_pages"": ""85""}",,278,pending_review,,,
Fire Doors,,,TVC Firecore 2 hour,TVC Firecore 2 hour,TVC Firecore 2 hour,"TVC Firecore; fire rating: 2 hour",,,,,,,,,,,,,,,,,,,2 hour,ea,,,"{""source_pages"": ""85""}",,279,pending_review,,,
Fire Doors,,,TVC Firecore 3 hour,TVC Firecore 3 hour,TVC Firecore 3 hour,"TVC Firecore; fire rating: 3 hour",,,,,,,,,,,,,,,,,,,3 hour,ea,,,"{""source_pages"": ""85""}",,280,pending_review,,,
Fire Doors,,,TVC Firecore 4 hour,TVC Firecore 4 hour,TVC Firecore 4 hour,"TVC Firecore; fire rating: 4 hour",,,,,,,,,,,,,,,,,,,4 hour,ea,,,"{""source_pages"": ""85""}",,281,pending_review,,,
