table_schema,table_name,ordinal_position,column_name,data_type,udt_name,is_nullable,column_default
public,data_studio_manufacturers,1,id,uuid,uuid,NO,gen_random_uuid()
public,data_studio_manufacturers,2,production_manufacturer_id,uuid,uuid,YES,null
public,data_studio_manufacturers,3,name,text,text,NO,null
public,data_studio_manufacturers,4,slug,text,text,NO,null
public,data_studio_manufacturers,5,website_url,text,text,YES,null
public,data_studio_manufacturers,6,logo_url,text,text,YES,null
public,data_studio_manufacturers,7,hero_image_url,text,text,YES,null
public,data_studio_manufacturers,8,description,text,text,YES,null
public,data_studio_manufacturers,9,abn,text,text,YES,null
public,data_studio_manufacturers,10,phone,text,text,YES,null
public,data_studio_manufacturers,11,status,text,text,NO,'draft'::text
public,data_studio_manufacturers,12,created_at,timestamp with time zone,timestamptz,NO,now()
public,data_studio_manufacturers,13,updated_at,timestamp with time zone,timestamptz,NO,now()
public,data_studio_user_profiles,1,id,uuid,uuid,NO,gen_random_uuid()
public,data_studio_user_profiles,2,auth_user_id,uuid,uuid,NO,null
public,data_studio_user_profiles,3,email,text,text,NO,null
public,data_studio_user_profiles,4,full_name,text,text,YES,null
public,data_studio_user_profiles,5,global_role,text,text,NO,'manufacturer_user'::text
public,data_studio_user_profiles,6,status,text,text,NO,'active'::text
public,data_studio_user_profiles,7,created_at,timestamp with time zone,timestamptz,NO,now()
public,data_studio_user_profiles,8,updated_at,timestamp with time zone,timestamptz,NO,now()
public,document_chunks,1,id,uuid,uuid,NO,gen_random_uuid()
public,document_chunks,2,source_document_id,uuid,uuid,NO,null
public,document_chunks,3,document_page_id,uuid,uuid,YES,null
public,document_chunks,4,extraction_run_id,uuid,uuid,YES,null
public,document_chunks,5,page_number,integer,int4,YES,null
public,document_chunks,6,chunk_index,integer,int4,NO,null
public,document_chunks,7,heading,text,text,YES,null
public,document_chunks,8,chunk_type,text,text,YES,null
public,document_chunks,9,raw_text,text,text,YES,null
public,document_chunks,10,table_json,jsonb,jsonb,YES,null
public,document_chunks,11,docling_json,jsonb,jsonb,YES,null
public,document_chunks,12,confidence,numeric,numeric,YES,null
public,document_chunks,13,created_at,timestamp with time zone,timestamptz,NO,now()
public,document_pages,1,id,uuid,uuid,NO,gen_random_uuid()
public,document_pages,2,source_document_id,uuid,uuid,NO,null
public,document_pages,3,page_number,integer,int4,NO,null
public,document_pages,4,page_image_storage_key,text,text,YES,null
public,document_pages,5,page_text,text,text,YES,null
public,document_pages,6,docling_json,jsonb,jsonb,YES,null
public,document_pages,7,created_at,timestamp with time zone,timestamptz,NO,now()
public,extraction_runs,1,id,uuid,uuid,NO,gen_random_uuid()
public,extraction_runs,2,source_document_id,uuid,uuid,NO,null
public,extraction_runs,3,run_type,text,text,NO,null
public,extraction_runs,4,status,text,text,NO,'queued'::text
public,extraction_runs,5,tool_name,text,text,YES,null
public,extraction_runs,6,tool_version,text,text,YES,null
public,extraction_runs,7,model_name,text,text,YES,null
public,extraction_runs,8,started_at,timestamp with time zone,timestamptz,YES,null
public,extraction_runs,9,completed_at,timestamp with time zone,timestamptz,YES,null
public,extraction_runs,10,error_message,text,text,YES,null
public,extraction_runs,11,created_at,timestamp with time zone,timestamptz,NO,now()
public,field_verifications,1,id,uuid,uuid,NO,gen_random_uuid()
public,field_verifications,2,entity_type,text,text,NO,null
public,field_verifications,3,entity_id,uuid,uuid,NO,null
public,field_verifications,4,field_name,text,text,NO,null
public,field_verifications,5,extracted_value,text,text,YES,null
public,field_verifications,6,verified_value,text,text,YES,null
public,field_verifications,7,source_document_id,uuid,uuid,YES,null
public,field_verifications,8,source_page_id,uuid,uuid,YES,null
public,field_verifications,9,source_chunk_id,uuid,uuid,YES,null
public,field_verifications,10,source_page_number,integer,int4,YES,null
public,field_verifications,11,status,text,text,NO,'pending'::text
public,field_verifications,12,confidence,numeric,numeric,YES,null
public,field_verifications,13,reviewer_id,uuid,uuid,YES,null
public,field_verifications,14,reviewed_at,timestamp with time zone,timestamptz,YES,null
public,field_verifications,15,notes,text,text,YES,null
public,field_verifications,16,created_at,timestamp with time zone,timestamptz,NO,now()
public,field_verifications,17,updated_at,timestamp with time zone,timestamptz,NO,now()
public,manufacturer_users,1,id,uuid,uuid,NO,gen_random_uuid()
public,manufacturer_users,2,manufacturer_id,uuid,uuid,NO,null
public,manufacturer_users,3,auth_user_id,uuid,uuid,YES,null
public,manufacturer_users,4,email,text,text,NO,null
public,manufacturer_users,5,role,text,text,NO,'manufacturer_reviewer'::text
public,manufacturer_users,6,status,text,text,NO,'invited'::text
public,manufacturer_users,7,created_at,timestamp with time zone,timestamptz,NO,now()
public,manufacturer_users,8,user_profile_id,uuid,uuid,YES,null
public,manufacturer_users,9,invited_by,uuid,uuid,YES,null
public,manufacturer_users,10,invited_at,timestamp with time zone,timestamptz,YES,now()
public,manufacturer_users,11,accepted_at,timestamp with time zone,timestamptz,YES,null
public,manufacturer_users,12,last_active_at,timestamp with time zone,timestamptz,YES,null
public,manufacturer_users,13,updated_at,timestamp with time zone,timestamptz,NO,now()
public,parser_field_evidence,1,id,uuid,uuid,NO,gen_random_uuid()
public,parser_field_evidence,2,extraction_run_id,uuid,uuid,NO,null
public,parser_field_evidence,3,entity_type,text,text,NO,null
public,parser_field_evidence,4,entity_id,uuid,uuid,NO,null
public,parser_field_evidence,5,field_name,text,text,NO,null
public,parser_field_evidence,6,extracted_value,text,text,YES,null
public,parser_field_evidence,7,source_document_id,uuid,uuid,YES,null
public,parser_field_evidence,8,source_page_number,integer,int4,YES,null
public,parser_field_evidence,9,source_chunk_id,uuid,uuid,YES,null
public,parser_field_evidence,10,confidence,numeric,numeric,YES,null
public,parser_field_evidence,11,is_uncertain,boolean,bool,NO,false
public,parser_field_evidence,12,parser_note,text,text,YES,null
public,parser_field_evidence,13,created_at,timestamp with time zone,timestamptz,NO,now()
public,publish_batch_items,1,id,uuid,uuid,NO,gen_random_uuid()
public,publish_batch_items,2,publish_batch_id,uuid,uuid,NO,null
public,publish_batch_items,3,entity_type,text,text,NO,null
public,publish_batch_items,4,entity_id,uuid,uuid,NO,null
public,publish_batch_items,5,production_table,text,text,YES,null
public,publish_batch_items,6,production_id,uuid,uuid,YES,null
public,publish_batch_items,7,status,text,text,NO,'pending'::text
public,publish_batch_items,8,error_message,text,text,YES,null
public,publish_batch_items,9,created_at,timestamp with time zone,timestamptz,NO,now()
public,publish_batches,1,id,uuid,uuid,NO,gen_random_uuid()
public,publish_batches,2,manufacturer_id,uuid,uuid,YES,null
public,publish_batches,3,status,text,text,NO,'draft'::text
public,publish_batches,4,export_type,text,text,NO,'csv'::text
public,publish_batches,5,production_project_ref,text,text,YES,null
public,publish_batches,6,created_by,uuid,uuid,YES,null
public,publish_batches,7,created_at,timestamp with time zone,timestamptz,NO,now()
public,publish_batches,8,approved_at,timestamp with time zone,timestamptz,YES,null
public,publish_batches,9,published_at,timestamp with time zone,timestamptz,YES,null
public,publish_batches,10,notes,text,text,YES,null
public,source_documents,1,id,uuid,uuid,NO,gen_random_uuid()
public,source_documents,2,manufacturer_id,uuid,uuid,NO,null
public,source_documents,3,original_filename,text,text,NO,null
public,source_documents,4,document_name,text,text,NO,null
public,source_documents,5,document_type,text,text,YES,null
public,source_documents,6,document_date,text,text,YES,null
public,source_documents,7,storage_provider,text,text,NO,'cloudflare_r2'::text
public,source_documents,8,storage_bucket,text,text,YES,null
public,source_documents,9,storage_key,text,text,YES,null
public,source_documents,10,public_url,text,text,YES,null
public,source_documents,11,file_mime_type,text,text,YES,null
public,source_documents,12,file_size_bytes,bigint,int8,YES,null
public,source_documents,13,status,text,text,NO,'uploaded'::text
public,source_documents,14,uploaded_by,uuid,uuid,YES,null
public,source_documents,15,uploaded_at,timestamp with time zone,timestamptz,NO,now()
public,source_documents,16,notes,text,text,YES,null
public,staged_components,1,id,uuid,uuid,NO,gen_random_uuid()
public,staged_components,2,manufacturer_id,uuid,uuid,NO,null
public,staged_components,3,source_document_id,uuid,uuid,YES,null
public,staged_components,4,source_chunk_id,uuid,uuid,YES,null
public,staged_components,5,production_component_id,uuid,uuid,YES,null
public,staged_components,6,sku,text,text,YES,null
public,staged_components,7,name,text,text,NO,null
public,staged_components,8,description,text,text,YES,null
public,staged_components,9,category,text,text,YES,null
public,staged_components,10,uom,text,text,YES,null
public,staged_components,11,length_mm,numeric,numeric,YES,null
public,staged_components,12,width_mm,numeric,numeric,YES,null
public,staged_components,13,height_mm,numeric,numeric,YES,null
public,staged_components,14,thickness_mm,numeric,numeric,YES,null
public,staged_components,15,depth_mm,numeric,numeric,YES,null
public,staged_components,16,gauge_mm,numeric,numeric,YES,null
public,staged_components,17,diameter_mm,numeric,numeric,YES,null
public,staged_components,18,roll_m,numeric,numeric,YES,null
public,staged_components,19,weight_kg,numeric,numeric,YES,null
public,staged_components,20,pieces,integer,int4,YES,null
public,staged_components,21,material,text,text,YES,null
public,staged_components,22,finish,text,text,YES,null
public,staged_components,23,colour,text,text,YES,null
public,staged_components,24,profile,text,text,YES,null
public,staged_components,25,texture,text,text,YES,null
public,staged_components,26,coverage_m2,numeric,numeric,YES,null
public,staged_components,27,sort_order,integer,int4,NO,0
public,staged_components,28,extraction_confidence,numeric,numeric,YES,null
public,staged_components,29,verification_status,text,text,NO,'pending_review'::text
public,staged_components,30,verified_by,uuid,uuid,YES,null
public,staged_components,31,verified_at,timestamp with time zone,timestamptz,YES,null
public,staged_components,32,reviewer_notes,text,text,YES,null
public,staged_components,33,created_at,timestamp with time zone,timestamptz,NO,now()
public,staged_components,34,updated_at,timestamp with time zone,timestamptz,NO,now()
public,staged_components,35,volume_ml,numeric,numeric,YES,null
public,staged_components,36,weight_g,numeric,numeric,YES,null
public,staged_components,37,pack_format,text,text,YES,null
public,staged_components,38,supplier_pack_qty,numeric,numeric,YES,null
public,staged_components,39,supplier_pack_uom,text,text,YES,null
public,staged_components,40,supplier_pack_note,text,text,YES,null
public,staged_components,41,parser_notes,jsonb,jsonb,YES,null
public,staged_components,42,image_url,text,text,YES,null
public,staged_components,43,website_url,text,text,YES,null
public,staged_components,44,extracted_at,timestamp with time zone,timestamptz,YES,null
public,staged_system_colours,1,id,uuid,uuid,NO,gen_random_uuid()
public,staged_system_colours,2,staged_system_id,uuid,uuid,NO,null
public,staged_system_colours,3,colour_name,text,text,NO,null
public,staged_system_colours,4,sku,text,text,YES,null
public,staged_system_colours,5,image_url,text,text,YES,null
public,staged_system_colours,6,is_stocked,boolean,bool,NO,true
public,staged_system_colours,7,sort_order,integer,int4,NO,0
public,staged_system_colours,8,verification_status,text,text,NO,'pending_review'::text
public,staged_system_colours,9,reviewer_notes,text,text,YES,null
public,staged_system_colours,10,created_at,timestamp with time zone,timestamptz,NO,now()
public,staged_system_colours,11,parser_notes,jsonb,jsonb,YES,null
public,staged_system_colours,12,sku_suffix,text,text,YES,null
public,staged_system_colours,13,extracted_at,timestamp with time zone,timestamptz,YES,null
public,staged_system_components,1,id,uuid,uuid,NO,gen_random_uuid()
public,staged_system_components,2,staged_system_id,uuid,uuid,NO,null
public,staged_system_components,3,staged_component_id,uuid,uuid,NO,null
public,staged_system_components,4,role,text,text,NO,'component'::text
public,staged_system_components,5,notes,text,text,YES,null
public,staged_system_components,6,sort_order,integer,int4,NO,0
public,staged_system_components,7,extraction_confidence,numeric,numeric,YES,null
public,staged_system_components,8,verification_status,text,text,NO,'pending_review'::text
public,staged_system_components,9,verified_by,uuid,uuid,YES,null
public,staged_system_components,10,verified_at,timestamp with time zone,timestamptz,YES,null
public,staged_system_components,11,reviewer_notes,text,text,YES,null
public,staged_system_components,12,created_at,timestamp with time zone,timestamptz,NO,now()
public,staged_system_components,13,parser_notes,jsonb,jsonb,YES,null
public,staged_system_components,14,extracted_at,timestamp with time zone,timestamptz,YES,null
public,staged_system_profiles,1,id,uuid,uuid,NO,gen_random_uuid()
public,staged_system_profiles,2,staged_system_id,uuid,uuid,NO,null
public,staged_system_profiles,3,name,text,text,YES,null
public,staged_system_profiles,4,product_code,text,text,YES,null
public,staged_system_profiles,5,dimensions,text,text,YES,null
public,staged_system_profiles,6,length_m,numeric,numeric,YES,null
public,staged_system_profiles,7,sheet_format,text,text,YES,null
public,staged_system_profiles,8,sort_order,integer,int4,NO,0
public,staged_system_profiles,9,verification_status,text,text,NO,'pending_review'::text
public,staged_system_profiles,10,reviewer_notes,text,text,YES,null
public,staged_system_profiles,11,created_at,timestamp with time zone,timestamptz,NO,now()
public,staged_system_profiles,12,profile_name,text,text,YES,null
public,staged_system_profiles,13,length_mm,numeric,numeric,YES,null
public,staged_system_profiles,14,width_mm,numeric,numeric,YES,null
public,staged_system_profiles,15,height_mm,numeric,numeric,YES,null
public,staged_system_profiles,16,thickness_mm,numeric,numeric,YES,null
public,staged_system_profiles,17,depth_mm,numeric,numeric,YES,null
public,staged_system_profiles,18,gauge_mm,numeric,numeric,YES,null
public,staged_system_profiles,19,diameter_mm,numeric,numeric,YES,null
public,staged_system_profiles,20,roll_m,numeric,numeric,YES,null
public,staged_system_profiles,21,weight_kg,numeric,numeric,YES,null
public,staged_system_profiles,22,pieces,numeric,numeric,YES,null
public,staged_system_profiles,23,volume_ml,numeric,numeric,YES,null
public,staged_system_profiles,24,weight_g,numeric,numeric,YES,null
public,staged_system_profiles,25,pack_format,text,text,YES,null
public,staged_system_profiles,26,supplier_pack_qty,numeric,numeric,YES,null
public,staged_system_profiles,27,supplier_pack_uom,text,text,YES,null
public,staged_system_profiles,28,supplier_pack_note,text,text,YES,null
public,staged_system_profiles,29,bal_rating,text,text,YES,null
public,staged_system_profiles,30,parser_notes,jsonb,jsonb,YES,null
public,staged_system_profiles,31,uom,text,text,YES,null
public,staged_system_profiles,32,image_url,text,text,YES,null
public,staged_system_profiles,33,website_url,text,text,YES,null
public,staged_system_profiles,34,extracted_at,timestamp with time zone,timestamptz,YES,null
public,staged_systems,1,id,uuid,uuid,NO,gen_random_uuid()
public,staged_systems,2,manufacturer_id,uuid,uuid,NO,null
public,staged_systems,3,source_document_id,uuid,uuid,YES,null
public,staged_systems,4,source_chunk_id,uuid,uuid,YES,null
public,staged_systems,5,production_system_id,uuid,uuid,YES,null
public,staged_systems,6,name,text,text,NO,null
public,staged_systems,7,product_code,text,text,YES,null
public,staged_systems,8,slug,text,text,YES,null
public,staged_systems,9,category,text,text,YES,null
public,staged_systems,10,subcategory,text,text,YES,null
public,staged_systems,11,description,text,text,YES,null
public,staged_systems,12,dimensions,text,text,YES,null
public,staged_systems,13,length_m,numeric,numeric,YES,null
public,staged_systems,14,double_sided,boolean,bool,NO,false
public,staged_systems,15,hero_image_url,text,text,YES,null
public,staged_systems,16,website_url,text,text,YES,null
public,staged_systems,17,source_label,text,text,YES,null
public,staged_systems,18,source_url,text,text,YES,null
public,staged_systems,19,sheet_format,text,text,YES,null
public,staged_systems,20,fire_rating,text,text,YES,null
public,staged_systems,21,acoustic_rating,text,text,YES,null
public,staged_systems,22,moisture_resistant,boolean,bool,NO,false
public,staged_systems,23,structural_grade,text,text,YES,null
public,staged_systems,24,install_guide_url,text,text,YES,null
public,staged_systems,25,tech_data_url,text,text,YES,null
public,staged_systems,26,sort_order,integer,int4,NO,0
public,staged_systems,27,extraction_confidence,numeric,numeric,YES,null
public,staged_systems,28,verification_status,text,text,NO,'pending_review'::text
public,staged_systems,29,verified_by,uuid,uuid,YES,null
public,staged_systems,30,verified_at,timestamp with time zone,timestamptz,YES,null
public,staged_systems,31,reviewer_notes,text,text,YES,null
public,staged_systems,32,created_at,timestamp with time zone,timestamptz,NO,now()
public,staged_systems,33,updated_at,timestamp with time zone,timestamptz,NO,now()
public,staged_systems,34,notes,text,text,YES,null
public,staged_systems,35,parser_notes,jsonb,jsonb,YES,null
public,staged_systems,36,bal_rating,text,text,YES,null
public,staged_systems,37,extracted_at,timestamp with time zone,timestamptz,YES,null
public,staged_systems,38,australian_made,boolean,bool,YES,null
public,verification_events,1,id,uuid,uuid,NO,gen_random_uuid()
public,verification_events,2,entity_type,text,text,NO,null
public,verification_events,3,entity_id,uuid,uuid,NO,null
public,verification_events,4,action,text,text,NO,null
public,verification_events,5,field_name,text,text,YES,null
public,verification_events,6,old_value,text,text,YES,null
public,verification_events,7,new_value,text,text,YES,null
public,verification_events,8,reviewer_id,uuid,uuid,YES,null
public,verification_events,9,notes,text,text,YES,null
public,verification_events,10,created_at,timestamp with time zone,timestamptz,NO,now()
public,workspace_invitations,1,id,uuid,uuid,NO,gen_random_uuid()
public,workspace_invitations,2,manufacturer_id,uuid,uuid,NO,null
public,workspace_invitations,3,email,text,text,NO,null
public,workspace_invitations,4,role,text,text,NO,'manufacturer_reviewer'::text
public,workspace_invitations,5,token_hash,text,text,YES,null
public,workspace_invitations,6,status,text,text,NO,'pending'::text
public,workspace_invitations,7,invited_by,uuid,uuid,YES,null
public,workspace_invitations,8,invited_at,timestamp with time zone,timestamptz,NO,now()
public,workspace_invitations,9,expires_at,timestamp with time zone,timestamptz,YES,null
public,workspace_invitations,10,accepted_at,timestamp with time zone,timestamptz,YES,null